Change Dir: '/home/gg/elarvon/elarvon-core/build-win64'

Run Build Command(s): /usr/bin/cmake -E env VERBOSE=1 /bin/gmake -f Makefile -j1 deploy
/usr/bin/cmake -S/home/gg/elarvon/elarvon-core -B/home/gg/elarvon/elarvon-core/build-win64 --check-build-system CMakeFiles/Makefile.cmake 0
/bin/gmake  -f CMakeFiles/Makefile2 deploy
gmake[1]: Entering directory '/home/gg/elarvon/elarvon-core/build-win64'
/usr/bin/cmake -S/home/gg/elarvon/elarvon-core -B/home/gg/elarvon/elarvon-core/build-win64 --check-build-system CMakeFiles/Makefile.cmake 0
/usr/bin/cmake -E cmake_progress_start /home/gg/elarvon/elarvon-core/build-win64/CMakeFiles 89
/bin/gmake  -f CMakeFiles/Makefile2 CMakeFiles/deploy.dir/all
gmake[2]: Entering directory '/home/gg/elarvon/elarvon-core/build-win64'
/bin/gmake  -f src/test/util/CMakeFiles/test_util.dir/build.make src/test/util/CMakeFiles/test_util.dir/depend
gmake[3]: Entering directory '/home/gg/elarvon/elarvon-core/build-win64'
cd /home/gg/elarvon/elarvon-core/build-win64 && /usr/bin/cmake -E cmake_depends "Unix Makefiles" /home/gg/elarvon/elarvon-core /home/gg/elarvon/elarvon-core/src/test/util /home/gg/elarvon/elarvon-core/build-win64 /home/gg/elarvon/elarvon-core/build-win64/src/test/util /home/gg/elarvon/elarvon-core/build-win64/src/test/util/CMakeFiles/test_util.dir/DependInfo.cmake "--color=" test_util
Dependencies file "src/test/util/CMakeFiles/test_util.dir/__/__/wallet/test/util.cpp.obj.d" is newer than depends file "/home/gg/elarvon/elarvon-core/build-win64/src/test/util/CMakeFiles/test_util.dir/compiler_depend.internal".
Dependencies file "src/test/util/CMakeFiles/test_util.dir/blockfilter.cpp.obj.d" is newer than depends file "/home/gg/elarvon/elarvon-core/build-win64/src/test/util/CMakeFiles/test_util.dir/compiler_depend.internal".
Dependencies file "src/test/util/CMakeFiles/test_util.dir/coins.cpp.obj.d" is newer than depends file "/home/gg/elarvon/elarvon-core/build-win64/src/test/util/CMakeFiles/test_util.dir/compiler_depend.internal".
Dependencies file "src/test/util/CMakeFiles/test_util.dir/coverage.cpp.obj.d" is newer than depends file "/home/gg/elarvon/elarvon-core/build-win64/src/test/util/CMakeFiles/test_util.dir/compiler_depend.internal".
Dependencies file "src/test/util/CMakeFiles/test_util.dir/json.cpp.obj.d" is newer than depends file "/home/gg/elarvon/elarvon-core/build-win64/src/test/util/CMakeFiles/test_util.dir/compiler_depend.internal".
Dependencies file "src/test/util/CMakeFiles/test_util.dir/logging.cpp.obj.d" is newer than depends file "/home/gg/elarvon/elarvon-core/build-win64/src/test/util/CMakeFiles/test_util.dir/compiler_depend.internal".
Dependencies file "src/test/util/CMakeFiles/test_util.dir/mining.cpp.obj.d" is newer than depends file "/home/gg/elarvon/elarvon-core/build-win64/src/test/util/CMakeFiles/test_util.dir/compiler_depend.internal".
Dependencies file "src/test/util/CMakeFiles/test_util.dir/net.cpp.obj.d" is newer than depends file "/home/gg/elarvon/elarvon-core/build-win64/src/test/util/CMakeFiles/test_util.dir/compiler_depend.internal".
Dependencies file "src/test/util/CMakeFiles/test_util.dir/random.cpp.obj.d" is newer than depends file "/home/gg/elarvon/elarvon-core/build-win64/src/test/util/CMakeFiles/test_util.dir/compiler_depend.internal".
Dependencies file "src/test/util/CMakeFiles/test_util.dir/script.cpp.obj.d" is newer than depends file "/home/gg/elarvon/elarvon-core/build-win64/src/test/util/CMakeFiles/test_util.dir/compiler_depend.internal".
Dependencies file "src/test/util/CMakeFiles/test_util.dir/setup_common.cpp.obj.d" is newer than depends file "/home/gg/elarvon/elarvon-core/build-win64/src/test/util/CMakeFiles/test_util.dir/compiler_depend.internal".
Dependencies file "src/test/util/CMakeFiles/test_util.dir/str.cpp.obj.d" is newer than depends file "/home/gg/elarvon/elarvon-core/build-win64/src/test/util/CMakeFiles/test_util.dir/compiler_depend.internal".
Dependencies file "src/test/util/CMakeFiles/test_util.dir/time.cpp.obj.d" is newer than depends file "/home/gg/elarvon/elarvon-core/build-win64/src/test/util/CMakeFiles/test_util.dir/compiler_depend.internal".
Dependencies file "src/test/util/CMakeFiles/test_util.dir/transaction_utils.cpp.obj.d" is newer than depends file "/home/gg/elarvon/elarvon-core/build-win64/src/test/util/CMakeFiles/test_util.dir/compiler_depend.internal".
Dependencies file "src/test/util/CMakeFiles/test_util.dir/txmempool.cpp.obj.d" is newer than depends file "/home/gg/elarvon/elarvon-core/build-win64/src/test/util/CMakeFiles/test_util.dir/compiler_depend.internal".
Dependencies file "src/test/util/CMakeFiles/test_util.dir/validation.cpp.obj.d" is newer than depends file "/home/gg/elarvon/elarvon-core/build-win64/src/test/util/CMakeFiles/test_util.dir/compiler_depend.internal".
Consolidate compiler generated dependencies of target test_util
gmake[3]: Leaving directory '/home/gg/elarvon/elarvon-core/build-win64'
/bin/gmake  -f src/test/util/CMakeFiles/test_util.dir/build.make src/test/util/CMakeFiles/test_util.dir/build
gmake[3]: Entering directory '/home/gg/elarvon/elarvon-core/build-win64'
gmake[3]: Nothing to be done for 'src/test/util/CMakeFiles/test_util.dir/build'.
gmake[3]: Leaving directory '/home/gg/elarvon/elarvon-core/build-win64'
[  2%] Built target test_util
/bin/gmake  -f src/CMakeFiles/crc32c.dir/build.make src/CMakeFiles/crc32c.dir/depend
gmake[3]: Entering directory '/home/gg/elarvon/elarvon-core/build-win64'
cd /home/gg/elarvon/elarvon-core/build-win64 && /usr/bin/cmake -E cmake_depends "Unix Makefiles" /home/gg/elarvon/elarvon-core /home/gg/elarvon/elarvon-core/src /home/gg/elarvon/elarvon-core/build-win64 /home/gg/elarvon/elarvon-core/build-win64/src /home/gg/elarvon/elarvon-core/build-win64/src/CMakeFiles/crc32c.dir/DependInfo.cmake "--color=" crc32c
Dependencies file "src/CMakeFiles/crc32c.dir/crc32c/src/crc32c.cc.obj.d" is newer than depends file "/home/gg/elarvon/elarvon-core/build-win64/src/CMakeFiles/crc32c.dir/compiler_depend.internal".
Dependencies file "src/CMakeFiles/crc32c.dir/crc32c/src/crc32c_portable.cc.obj.d" is newer than depends file "/home/gg/elarvon/elarvon-core/build-win64/src/CMakeFiles/crc32c.dir/compiler_depend.internal".
Dependencies file "src/CMakeFiles/crc32c.dir/crc32c/src/crc32c_sse42.cc.obj.d" is newer than depends file "/home/gg/elarvon/elarvon-core/build-win64/src/CMakeFiles/crc32c.dir/compiler_depend.internal".
Consolidate compiler generated dependencies of target crc32c
gmake[3]: Leaving directory '/home/gg/elarvon/elarvon-core/build-win64'
/bin/gmake  -f src/CMakeFiles/crc32c.dir/build.make src/CMakeFiles/crc32c.dir/build
gmake[3]: Entering directory '/home/gg/elarvon/elarvon-core/build-win64'
gmake[3]: Nothing to be done for 'src/CMakeFiles/crc32c.dir/build'.
gmake[3]: Leaving directory '/home/gg/elarvon/elarvon-core/build-win64'
[  2%] Built target crc32c
/bin/gmake  -f src/CMakeFiles/leveldb.dir/build.make src/CMakeFiles/leveldb.dir/depend
gmake[3]: Entering directory '/home/gg/elarvon/elarvon-core/build-win64'
cd /home/gg/elarvon/elarvon-core/build-win64 && /usr/bin/cmake -E cmake_depends "Unix Makefiles" /home/gg/elarvon/elarvon-core /home/gg/elarvon/elarvon-core/src /home/gg/elarvon/elarvon-core/build-win64 /home/gg/elarvon/elarvon-core/build-win64/src /home/gg/elarvon/elarvon-core/build-win64/src/CMakeFiles/leveldb.dir/DependInfo.cmake "--color=" leveldb
Dependencies file "src/CMakeFiles/leveldb.dir/leveldb/db/builder.cc.obj.d" is newer than depends file "/home/gg/elarvon/elarvon-core/build-win64/src/CMakeFiles/leveldb.dir/compiler_depend.internal".
Dependencies file "src/CMakeFiles/leveldb.dir/leveldb/db/db_impl.cc.obj.d" is newer than depends file "/home/gg/elarvon/elarvon-core/build-win64/src/CMakeFiles/leveldb.dir/compiler_depend.internal".
Dependencies file "src/CMakeFiles/leveldb.dir/leveldb/db/db_iter.cc.obj.d" is newer than depends file "/home/gg/elarvon/elarvon-core/build-win64/src/CMakeFiles/leveldb.dir/compiler_depend.internal".
Dependencies file "src/CMakeFiles/leveldb.dir/leveldb/db/dbformat.cc.obj.d" is newer than depends file "/home/gg/elarvon/elarvon-core/build-win64/src/CMakeFiles/leveldb.dir/compiler_depend.internal".
Dependencies file "src/CMakeFiles/leveldb.dir/leveldb/db/filename.cc.obj.d" is newer than depends file "/home/gg/elarvon/elarvon-core/build-win64/src/CMakeFiles/leveldb.dir/compiler_depend.internal".
Dependencies file "src/CMakeFiles/leveldb.dir/leveldb/db/log_reader.cc.obj.d" is newer than depends file "/home/gg/elarvon/elarvon-core/build-win64/src/CMakeFiles/leveldb.dir/compiler_depend.internal".
Dependencies file "src/CMakeFiles/leveldb.dir/leveldb/db/log_writer.cc.obj.d" is newer than depends file "/home/gg/elarvon/elarvon-core/build-win64/src/CMakeFiles/leveldb.dir/compiler_depend.internal".
Dependencies file "src/CMakeFiles/leveldb.dir/leveldb/db/memtable.cc.obj.d" is newer than depends file "/home/gg/elarvon/elarvon-core/build-win64/src/CMakeFiles/leveldb.dir/compiler_depend.internal".
Dependencies file "src/CMakeFiles/leveldb.dir/leveldb/db/repair.cc.obj.d" is newer than depends file "/home/gg/elarvon/elarvon-core/build-win64/src/CMakeFiles/leveldb.dir/compiler_depend.internal".
Dependencies file "src/CMakeFiles/leveldb.dir/leveldb/db/table_cache.cc.obj.d" is newer than depends file "/home/gg/elarvon/elarvon-core/build-win64/src/CMakeFiles/leveldb.dir/compiler_depend.internal".
Dependencies file "src/CMakeFiles/leveldb.dir/leveldb/db/version_edit.cc.obj.d" is newer than depends file "/home/gg/elarvon/elarvon-core/build-win64/src/CMakeFiles/leveldb.dir/compiler_depend.internal".
Dependencies file "src/CMakeFiles/leveldb.dir/leveldb/db/version_set.cc.obj.d" is newer than depends file "/home/gg/elarvon/elarvon-core/build-win64/src/CMakeFiles/leveldb.dir/compiler_depend.internal".
Dependencies file "src/CMakeFiles/leveldb.dir/leveldb/db/write_batch.cc.obj.d" is newer than depends file "/home/gg/elarvon/elarvon-core/build-win64/src/CMakeFiles/leveldb.dir/compiler_depend.internal".
Dependencies file "src/CMakeFiles/leveldb.dir/leveldb/helpers/memenv/memenv.cc.obj.d" is newer than depends file "/home/gg/elarvon/elarvon-core/build-win64/src/CMakeFiles/leveldb.dir/compiler_depend.internal".
Dependencies file "src/CMakeFiles/leveldb.dir/leveldb/table/block.cc.obj.d" is newer than depends file "/home/gg/elarvon/elarvon-core/build-win64/src/CMakeFiles/leveldb.dir/compiler_depend.internal".
Dependencies file "src/CMakeFiles/leveldb.dir/leveldb/table/block_builder.cc.obj.d" is newer than depends file "/home/gg/elarvon/elarvon-core/build-win64/src/CMakeFiles/leveldb.dir/compiler_depend.internal".
Dependencies file "src/CMakeFiles/leveldb.dir/leveldb/table/filter_block.cc.obj.d" is newer than depends file "/home/gg/elarvon/elarvon-core/build-win64/src/CMakeFiles/leveldb.dir/compiler_depend.internal".
Dependencies file "src/CMakeFiles/leveldb.dir/leveldb/table/format.cc.obj.d" is newer than depends file "/home/gg/elarvon/elarvon-core/build-win64/src/CMakeFiles/leveldb.dir/compiler_depend.internal".
Dependencies file "src/CMakeFiles/leveldb.dir/leveldb/table/iterator.cc.obj.d" is newer than depends file "/home/gg/elarvon/elarvon-core/build-win64/src/CMakeFiles/leveldb.dir/compiler_depend.internal".
Dependencies file "src/CMakeFiles/leveldb.dir/leveldb/table/merger.cc.obj.d" is newer than depends file "/home/gg/elarvon/elarvon-core/build-win64/src/CMakeFiles/leveldb.dir/compiler_depend.internal".
Dependencies file "src/CMakeFiles/leveldb.dir/leveldb/table/table.cc.obj.d" is newer than depends file "/home/gg/elarvon/elarvon-core/build-win64/src/CMakeFiles/leveldb.dir/compiler_depend.internal".
Dependencies file "src/CMakeFiles/leveldb.dir/leveldb/table/table_builder.cc.obj.d" is newer than depends file "/home/gg/elarvon/elarvon-core/build-win64/src/CMakeFiles/leveldb.dir/compiler_depend.internal".
Dependencies file "src/CMakeFiles/leveldb.dir/leveldb/table/two_level_iterator.cc.obj.d" is newer than depends file "/home/gg/elarvon/elarvon-core/build-win64/src/CMakeFiles/leveldb.dir/compiler_depend.internal".
Dependencies file "src/CMakeFiles/leveldb.dir/leveldb/util/arena.cc.obj.d" is newer than depends file "/home/gg/elarvon/elarvon-core/build-win64/src/CMakeFiles/leveldb.dir/compiler_depend.internal".
Dependencies file "src/CMakeFiles/leveldb.dir/leveldb/util/bloom.cc.obj.d" is newer than depends file "/home/gg/elarvon/elarvon-core/build-win64/src/CMakeFiles/leveldb.dir/compiler_depend.internal".
Dependencies file "src/CMakeFiles/leveldb.dir/leveldb/util/cache.cc.obj.d" is newer than depends file "/home/gg/elarvon/elarvon-core/build-win64/src/CMakeFiles/leveldb.dir/compiler_depend.internal".
Dependencies file "src/CMakeFiles/leveldb.dir/leveldb/util/coding.cc.obj.d" is newer than depends file "/home/gg/elarvon/elarvon-core/build-win64/src/CMakeFiles/leveldb.dir/compiler_depend.internal".
Dependencies file "src/CMakeFiles/leveldb.dir/leveldb/util/comparator.cc.obj.d" is newer than depends file "/home/gg/elarvon/elarvon-core/build-win64/src/CMakeFiles/leveldb.dir/compiler_depend.internal".
Dependencies file "src/CMakeFiles/leveldb.dir/leveldb/util/crc32c.cc.obj.d" is newer than depends file "/home/gg/elarvon/elarvon-core/build-win64/src/CMakeFiles/leveldb.dir/compiler_depend.internal".
Dependencies file "src/CMakeFiles/leveldb.dir/leveldb/util/env.cc.obj.d" is newer than depends file "/home/gg/elarvon/elarvon-core/build-win64/src/CMakeFiles/leveldb.dir/compiler_depend.internal".
Dependencies file "src/CMakeFiles/leveldb.dir/leveldb/util/env_windows.cc.obj.d" is newer than depends file "/home/gg/elarvon/elarvon-core/build-win64/src/CMakeFiles/leveldb.dir/compiler_depend.internal".
Dependencies file "src/CMakeFiles/leveldb.dir/leveldb/util/filter_policy.cc.obj.d" is newer than depends file "/home/gg/elarvon/elarvon-core/build-win64/src/CMakeFiles/leveldb.dir/compiler_depend.internal".
Dependencies file "src/CMakeFiles/leveldb.dir/leveldb/util/hash.cc.obj.d" is newer than depends file "/home/gg/elarvon/elarvon-core/build-win64/src/CMakeFiles/leveldb.dir/compiler_depend.internal".
Dependencies file "src/CMakeFiles/leveldb.dir/leveldb/util/logging.cc.obj.d" is newer than depends file "/home/gg/elarvon/elarvon-core/build-win64/src/CMakeFiles/leveldb.dir/compiler_depend.internal".
Dependencies file "src/CMakeFiles/leveldb.dir/leveldb/util/options.cc.obj.d" is newer than depends file "/home/gg/elarvon/elarvon-core/build-win64/src/CMakeFiles/leveldb.dir/compiler_depend.internal".
Dependencies file "src/CMakeFiles/leveldb.dir/leveldb/util/status.cc.obj.d" is newer than depends file "/home/gg/elarvon/elarvon-core/build-win64/src/CMakeFiles/leveldb.dir/compiler_depend.internal".
Consolidate compiler generated dependencies of target leveldb
gmake[3]: Leaving directory '/home/gg/elarvon/elarvon-core/build-win64'
/bin/gmake  -f src/CMakeFiles/leveldb.dir/build.make src/CMakeFiles/leveldb.dir/build
gmake[3]: Entering directory '/home/gg/elarvon/elarvon-core/build-win64'
gmake[3]: Nothing to be done for 'src/CMakeFiles/leveldb.dir/build'.
gmake[3]: Leaving directory '/home/gg/elarvon/elarvon-core/build-win64'
[  6%] Built target leveldb
/bin/gmake  -f src/CMakeFiles/minisketch.dir/build.make src/CMakeFiles/minisketch.dir/depend
gmake[3]: Entering directory '/home/gg/elarvon/elarvon-core/build-win64'
cd /home/gg/elarvon/elarvon-core/build-win64 && /usr/bin/cmake -E cmake_depends "Unix Makefiles" /home/gg/elarvon/elarvon-core /home/gg/elarvon/elarvon-core/src /home/gg/elarvon/elarvon-core/build-win64 /home/gg/elarvon/elarvon-core/build-win64/src /home/gg/elarvon/elarvon-core/build-win64/src/CMakeFiles/minisketch.dir/DependInfo.cmake "--color=" minisketch
Dependencies file "src/CMakeFiles/minisketch.dir/minisketch/src/fields/clmul_1byte.cpp.obj.d" is newer than depends file "/home/gg/elarvon/elarvon-core/build-win64/src/CMakeFiles/minisketch.dir/compiler_depend.internal".
Dependencies file "src/CMakeFiles/minisketch.dir/minisketch/src/fields/clmul_2bytes.cpp.obj.d" is newer than depends file "/home/gg/elarvon/elarvon-core/build-win64/src/CMakeFiles/minisketch.dir/compiler_depend.internal".
Dependencies file "src/CMakeFiles/minisketch.dir/minisketch/src/fields/clmul_3bytes.cpp.obj.d" is newer than depends file "/home/gg/elarvon/elarvon-core/build-win64/src/CMakeFiles/minisketch.dir/compiler_depend.internal".
Dependencies file "src/CMakeFiles/minisketch.dir/minisketch/src/fields/clmul_4bytes.cpp.obj.d" is newer than depends file "/home/gg/elarvon/elarvon-core/build-win64/src/CMakeFiles/minisketch.dir/compiler_depend.internal".
Dependencies file "src/CMakeFiles/minisketch.dir/minisketch/src/fields/clmul_5bytes.cpp.obj.d" is newer than depends file "/home/gg/elarvon/elarvon-core/build-win64/src/CMakeFiles/minisketch.dir/compiler_depend.internal".
Dependencies file "src/CMakeFiles/minisketch.dir/minisketch/src/fields/clmul_6bytes.cpp.obj.d" is newer than depends file "/home/gg/elarvon/elarvon-core/build-win64/src/CMakeFiles/minisketch.dir/compiler_depend.internal".
Dependencies file "src/CMakeFiles/minisketch.dir/minisketch/src/fields/clmul_7bytes.cpp.obj.d" is newer than depends file "/home/gg/elarvon/elarvon-core/build-win64/src/CMakeFiles/minisketch.dir/compiler_depend.internal".
Dependencies file "src/CMakeFiles/minisketch.dir/minisketch/src/fields/clmul_8bytes.cpp.obj.d" is newer than depends file "/home/gg/elarvon/elarvon-core/build-win64/src/CMakeFiles/minisketch.dir/compiler_depend.internal".
Dependencies file "src/CMakeFiles/minisketch.dir/minisketch/src/fields/generic_1byte.cpp.obj.d" is newer than depends file "/home/gg/elarvon/elarvon-core/build-win64/src/CMakeFiles/minisketch.dir/compiler_depend.internal".
Dependencies file "src/CMakeFiles/minisketch.dir/minisketch/src/fields/generic_2bytes.cpp.obj.d" is newer than depends file "/home/gg/elarvon/elarvon-core/build-win64/src/CMakeFiles/minisketch.dir/compiler_depend.internal".
Dependencies file "src/CMakeFiles/minisketch.dir/minisketch/src/fields/generic_3bytes.cpp.obj.d" is newer than depends file "/home/gg/elarvon/elarvon-core/build-win64/src/CMakeFiles/minisketch.dir/compiler_depend.internal".
Dependencies file "src/CMakeFiles/minisketch.dir/minisketch/src/fields/generic_4bytes.cpp.obj.d" is newer than depends file "/home/gg/elarvon/elarvon-core/build-win64/src/CMakeFiles/minisketch.dir/compiler_depend.internal".
Dependencies file "src/CMakeFiles/minisketch.dir/minisketch/src/fields/generic_5bytes.cpp.obj.d" is newer than depends file "/home/gg/elarvon/elarvon-core/build-win64/src/CMakeFiles/minisketch.dir/compiler_depend.internal".
Dependencies file "src/CMakeFiles/minisketch.dir/minisketch/src/fields/generic_6bytes.cpp.obj.d" is newer than depends file "/home/gg/elarvon/elarvon-core/build-win64/src/CMakeFiles/minisketch.dir/compiler_depend.internal".
Dependencies file "src/CMakeFiles/minisketch.dir/minisketch/src/fields/generic_7bytes.cpp.obj.d" is newer than depends file "/home/gg/elarvon/elarvon-core/build-win64/src/CMakeFiles/minisketch.dir/compiler_depend.internal".
Dependencies file "src/CMakeFiles/minisketch.dir/minisketch/src/fields/generic_8bytes.cpp.obj.d" is newer than depends file "/home/gg/elarvon/elarvon-core/build-win64/src/CMakeFiles/minisketch.dir/compiler_depend.internal".
Dependencies file "src/CMakeFiles/minisketch.dir/minisketch/src/minisketch.cpp.obj.d" is newer than depends file "/home/gg/elarvon/elarvon-core/build-win64/src/CMakeFiles/minisketch.dir/compiler_depend.internal".
Consolidate compiler generated dependencies of target minisketch
gmake[3]: Leaving directory '/home/gg/elarvon/elarvon-core/build-win64'
/bin/gmake  -f src/CMakeFiles/minisketch.dir/build.make src/CMakeFiles/minisketch.dir/build
gmake[3]: Entering directory '/home/gg/elarvon/elarvon-core/build-win64'
gmake[3]: Nothing to be done for 'src/CMakeFiles/minisketch.dir/build'.
gmake[3]: Leaving directory '/home/gg/elarvon/elarvon-core/build-win64'
[ 10%] Built target minisketch
/bin/gmake  -f src/CMakeFiles/generate_build_info.dir/build.make src/CMakeFiles/generate_build_info.dir/depend
gmake[3]: Entering directory '/home/gg/elarvon/elarvon-core/build-win64'
cd /home/gg/elarvon/elarvon-core/build-win64 && /usr/bin/cmake -E cmake_depends "Unix Makefiles" /home/gg/elarvon/elarvon-core /home/gg/elarvon/elarvon-core/src /home/gg/elarvon/elarvon-core/build-win64 /home/gg/elarvon/elarvon-core/build-win64/src /home/gg/elarvon/elarvon-core/build-win64/src/CMakeFiles/generate_build_info.dir/DependInfo.cmake "--color=" generate_build_info
gmake[3]: Leaving directory '/home/gg/elarvon/elarvon-core/build-win64'
/bin/gmake  -f src/CMakeFiles/generate_build_info.dir/build.make src/CMakeFiles/generate_build_info.dir/build
gmake[3]: Entering directory '/home/gg/elarvon/elarvon-core/build-win64'
[ 11%] Generating bitcoin-build-info.h
cd /home/gg/elarvon/elarvon-core/build-win64/src && /usr/bin/cmake -DBUILD_INFO_HEADER_PATH=/home/gg/elarvon/elarvon-core/build-win64/src/bitcoin-build-info.h -DSOURCE_DIR=/home/gg/elarvon/elarvon-core -P /home/gg/elarvon/elarvon-core/cmake/script/GenerateBuildInfo.cmake
gmake[3]: Leaving directory '/home/gg/elarvon/elarvon-core/build-win64'
[ 11%] Built target generate_build_info
/bin/gmake  -f src/CMakeFiles/bitcoin_clientversion.dir/build.make src/CMakeFiles/bitcoin_clientversion.dir/depend
gmake[3]: Entering directory '/home/gg/elarvon/elarvon-core/build-win64'
cd /home/gg/elarvon/elarvon-core/build-win64 && /usr/bin/cmake -E cmake_depends "Unix Makefiles" /home/gg/elarvon/elarvon-core /home/gg/elarvon/elarvon-core/src /home/gg/elarvon/elarvon-core/build-win64 /home/gg/elarvon/elarvon-core/build-win64/src /home/gg/elarvon/elarvon-core/build-win64/src/CMakeFiles/bitcoin_clientversion.dir/DependInfo.cmake "--color=" bitcoin_clientversion
Dependencies file "src/CMakeFiles/bitcoin_clientversion.dir/clientversion.cpp.obj.d" is newer than depends file "/home/gg/elarvon/elarvon-core/build-win64/src/CMakeFiles/bitcoin_clientversion.dir/compiler_depend.internal".
Consolidate compiler generated dependencies of target bitcoin_clientversion
gmake[3]: Leaving directory '/home/gg/elarvon/elarvon-core/build-win64'
/bin/gmake  -f src/CMakeFiles/bitcoin_clientversion.dir/build.make src/CMakeFiles/bitcoin_clientversion.dir/build
gmake[3]: Entering directory '/home/gg/elarvon/elarvon-core/build-win64'
gmake[3]: Nothing to be done for 'src/CMakeFiles/bitcoin_clientversion.dir/build'.
gmake[3]: Leaving directory '/home/gg/elarvon/elarvon-core/build-win64'
[ 11%] Built target bitcoin_clientversion
/bin/gmake  -f src/CMakeFiles/bitcoin_consensus.dir/build.make src/CMakeFiles/bitcoin_consensus.dir/depend
gmake[3]: Entering directory '/home/gg/elarvon/elarvon-core/build-win64'
cd /home/gg/elarvon/elarvon-core/build-win64 && /usr/bin/cmake -E cmake_depends "Unix Makefiles" /home/gg/elarvon/elarvon-core /home/gg/elarvon/elarvon-core/src /home/gg/elarvon/elarvon-core/build-win64 /home/gg/elarvon/elarvon-core/build-win64/src /home/gg/elarvon/elarvon-core/build-win64/src/CMakeFiles/bitcoin_consensus.dir/DependInfo.cmake "--color=" bitcoin_consensus
Dependencies file "src/CMakeFiles/bitcoin_consensus.dir/arith_uint256.cpp.obj.d" is newer than depends file "/home/gg/elarvon/elarvon-core/build-win64/src/CMakeFiles/bitcoin_consensus.dir/compiler_depend.internal".
Dependencies file "src/CMakeFiles/bitcoin_consensus.dir/consensus/merkle.cpp.obj.d" is newer than depends file "/home/gg/elarvon/elarvon-core/build-win64/src/CMakeFiles/bitcoin_consensus.dir/compiler_depend.internal".
Dependencies file "src/CMakeFiles/bitcoin_consensus.dir/consensus/tx_check.cpp.obj.d" is newer than depends file "/home/gg/elarvon/elarvon-core/build-win64/src/CMakeFiles/bitcoin_consensus.dir/compiler_depend.internal".
Dependencies file "src/CMakeFiles/bitcoin_consensus.dir/hash.cpp.obj.d" is newer than depends file "/home/gg/elarvon/elarvon-core/build-win64/src/CMakeFiles/bitcoin_consensus.dir/compiler_depend.internal".
Dependencies file "src/CMakeFiles/bitcoin_consensus.dir/primitives/block.cpp.obj.d" is newer than depends file "/home/gg/elarvon/elarvon-core/build-win64/src/CMakeFiles/bitcoin_consensus.dir/compiler_depend.internal".
Dependencies file "src/CMakeFiles/bitcoin_consensus.dir/primitives/transaction.cpp.obj.d" is newer than depends file "/home/gg/elarvon/elarvon-core/build-win64/src/CMakeFiles/bitcoin_consensus.dir/compiler_depend.internal".
Dependencies file "src/CMakeFiles/bitcoin_consensus.dir/pubkey.cpp.obj.d" is newer than depends file "/home/gg/elarvon/elarvon-core/build-win64/src/CMakeFiles/bitcoin_consensus.dir/compiler_depend.internal".
Dependencies file "src/CMakeFiles/bitcoin_consensus.dir/script/interpreter.cpp.obj.d" is newer than depends file "/home/gg/elarvon/elarvon-core/build-win64/src/CMakeFiles/bitcoin_consensus.dir/compiler_depend.internal".
Dependencies file "src/CMakeFiles/bitcoin_consensus.dir/script/script.cpp.obj.d" is newer than depends file "/home/gg/elarvon/elarvon-core/build-win64/src/CMakeFiles/bitcoin_consensus.dir/compiler_depend.internal".
Dependencies file "src/CMakeFiles/bitcoin_consensus.dir/script/script_error.cpp.obj.d" is newer than depends file "/home/gg/elarvon/elarvon-core/build-win64/src/CMakeFiles/bitcoin_consensus.dir/compiler_depend.internal".
Dependencies file "src/CMakeFiles/bitcoin_consensus.dir/uint256.cpp.obj.d" is newer than depends file "/home/gg/elarvon/elarvon-core/build-win64/src/CMakeFiles/bitcoin_consensus.dir/compiler_depend.internal".
Consolidate compiler generated dependencies of target bitcoin_consensus
gmake[3]: Leaving directory '/home/gg/elarvon/elarvon-core/build-win64'
/bin/gmake  -f src/CMakeFiles/bitcoin_consensus.dir/build.make src/CMakeFiles/bitcoin_consensus.dir/build
gmake[3]: Entering directory '/home/gg/elarvon/elarvon-core/build-win64'
gmake[3]: Nothing to be done for 'src/CMakeFiles/bitcoin_consensus.dir/build'.
gmake[3]: Leaving directory '/home/gg/elarvon/elarvon-core/build-win64'
[ 13%] Built target bitcoin_consensus
/bin/gmake  -f src/CMakeFiles/bitcoin_common.dir/build.make src/CMakeFiles/bitcoin_common.dir/depend
gmake[3]: Entering directory '/home/gg/elarvon/elarvon-core/build-win64'
cd /home/gg/elarvon/elarvon-core/build-win64 && /usr/bin/cmake -E cmake_depends "Unix Makefiles" /home/gg/elarvon/elarvon-core /home/gg/elarvon/elarvon-core/src /home/gg/elarvon/elarvon-core/build-win64 /home/gg/elarvon/elarvon-core/build-win64/src /home/gg/elarvon/elarvon-core/build-win64/src/CMakeFiles/bitcoin_common.dir/DependInfo.cmake "--color=" bitcoin_common
Dependencies file "src/CMakeFiles/bitcoin_common.dir/addresstype.cpp.obj.d" is newer than depends file "/home/gg/elarvon/elarvon-core/build-win64/src/CMakeFiles/bitcoin_common.dir/compiler_depend.internal".
Dependencies file "src/CMakeFiles/bitcoin_common.dir/base58.cpp.obj.d" is newer than depends file "/home/gg/elarvon/elarvon-core/build-win64/src/CMakeFiles/bitcoin_common.dir/compiler_depend.internal".
Dependencies file "src/CMakeFiles/bitcoin_common.dir/bech32.cpp.obj.d" is newer than depends file "/home/gg/elarvon/elarvon-core/build-win64/src/CMakeFiles/bitcoin_common.dir/compiler_depend.internal".
Dependencies file "src/CMakeFiles/bitcoin_common.dir/chain.cpp.obj.d" is newer than depends file "/home/gg/elarvon/elarvon-core/build-win64/src/CMakeFiles/bitcoin_common.dir/compiler_depend.internal".
Dependencies file "src/CMakeFiles/bitcoin_common.dir/chainparams.cpp.obj.d" is newer than depends file "/home/gg/elarvon/elarvon-core/build-win64/src/CMakeFiles/bitcoin_common.dir/compiler_depend.internal".
Dependencies file "src/CMakeFiles/bitcoin_common.dir/chainparamsbase.cpp.obj.d" is newer than depends file "/home/gg/elarvon/elarvon-core/build-win64/src/CMakeFiles/bitcoin_common.dir/compiler_depend.internal".
Dependencies file "src/CMakeFiles/bitcoin_common.dir/coins.cpp.obj.d" is newer than depends file "/home/gg/elarvon/elarvon-core/build-win64/src/CMakeFiles/bitcoin_common.dir/compiler_depend.internal".
Dependencies file "src/CMakeFiles/bitcoin_common.dir/common/args.cpp.obj.d" is newer than depends file "/home/gg/elarvon/elarvon-core/build-win64/src/CMakeFiles/bitcoin_common.dir/compiler_depend.internal".
Dependencies file "src/CMakeFiles/bitcoin_common.dir/common/bloom.cpp.obj.d" is newer than depends file "/home/gg/elarvon/elarvon-core/build-win64/src/CMakeFiles/bitcoin_common.dir/compiler_depend.internal".
Dependencies file "src/CMakeFiles/bitcoin_common.dir/common/config.cpp.obj.d" is newer than depends file "/home/gg/elarvon/elarvon-core/build-win64/src/CMakeFiles/bitcoin_common.dir/compiler_depend.internal".
Dependencies file "src/CMakeFiles/bitcoin_common.dir/common/init.cpp.obj.d" is newer than depends file "/home/gg/elarvon/elarvon-core/build-win64/src/CMakeFiles/bitcoin_common.dir/compiler_depend.internal".
Dependencies file "src/CMakeFiles/bitcoin_common.dir/common/interfaces.cpp.obj.d" is newer than depends file "/home/gg/elarvon/elarvon-core/build-win64/src/CMakeFiles/bitcoin_common.dir/compiler_depend.internal".
Dependencies file "src/CMakeFiles/bitcoin_common.dir/common/messages.cpp.obj.d" is newer than depends file "/home/gg/elarvon/elarvon-core/build-win64/src/CMakeFiles/bitcoin_common.dir/compiler_depend.internal".
Dependencies file "src/CMakeFiles/bitcoin_common.dir/common/netif.cpp.obj.d" is newer than depends file "/home/gg/elarvon/elarvon-core/build-win64/src/CMakeFiles/bitcoin_common.dir/compiler_depend.internal".
Dependencies file "src/CMakeFiles/bitcoin_common.dir/common/pcp.cpp.obj.d" is newer than depends file "/home/gg/elarvon/elarvon-core/build-win64/src/CMakeFiles/bitcoin_common.dir/compiler_depend.internal".
Dependencies file "src/CMakeFiles/bitcoin_common.dir/common/run_command.cpp.obj.d" is newer than depends file "/home/gg/elarvon/elarvon-core/build-win64/src/CMakeFiles/bitcoin_common.dir/compiler_depend.internal".
Dependencies file "src/CMakeFiles/bitcoin_common.dir/common/settings.cpp.obj.d" is newer than depends file "/home/gg/elarvon/elarvon-core/build-win64/src/CMakeFiles/bitcoin_common.dir/compiler_depend.internal".
Dependencies file "src/CMakeFiles/bitcoin_common.dir/common/signmessage.cpp.obj.d" is newer than depends file "/home/gg/elarvon/elarvon-core/build-win64/src/CMakeFiles/bitcoin_common.dir/compiler_depend.internal".
Dependencies file "src/CMakeFiles/bitcoin_common.dir/common/system.cpp.obj.d" is newer than depends file "/home/gg/elarvon/elarvon-core/build-win64/src/CMakeFiles/bitcoin_common.dir/compiler_depend.internal".
Dependencies file "src/CMakeFiles/bitcoin_common.dir/common/url.cpp.obj.d" is newer than depends file "/home/gg/elarvon/elarvon-core/build-win64/src/CMakeFiles/bitcoin_common.dir/compiler_depend.internal".
Dependencies file "src/CMakeFiles/bitcoin_common.dir/compressor.cpp.obj.d" is newer than depends file "/home/gg/elarvon/elarvon-core/build-win64/src/CMakeFiles/bitcoin_common.dir/compiler_depend.internal".
Dependencies file "src/CMakeFiles/bitcoin_common.dir/core_io.cpp.obj.d" is newer than depends file "/home/gg/elarvon/elarvon-core/build-win64/src/CMakeFiles/bitcoin_common.dir/compiler_depend.internal".
Dependencies file "src/CMakeFiles/bitcoin_common.dir/deploymentinfo.cpp.obj.d" is newer than depends file "/home/gg/elarvon/elarvon-core/build-win64/src/CMakeFiles/bitcoin_common.dir/compiler_depend.internal".
Dependencies file "src/CMakeFiles/bitcoin_common.dir/external_signer.cpp.obj.d" is newer than depends file "/home/gg/elarvon/elarvon-core/build-win64/src/CMakeFiles/bitcoin_common.dir/compiler_depend.internal".
Dependencies file "src/CMakeFiles/bitcoin_common.dir/init/common.cpp.obj.d" is newer than depends file "/home/gg/elarvon/elarvon-core/build-win64/src/CMakeFiles/bitcoin_common.dir/compiler_depend.internal".
Dependencies file "src/CMakeFiles/bitcoin_common.dir/kernel/chainparams.cpp.obj.d" is newer than depends file "/home/gg/elarvon/elarvon-core/build-win64/src/CMakeFiles/bitcoin_common.dir/compiler_depend.internal".
Dependencies file "src/CMakeFiles/bitcoin_common.dir/key.cpp.obj.d" is newer than depends file "/home/gg/elarvon/elarvon-core/build-win64/src/CMakeFiles/bitcoin_common.dir/compiler_depend.internal".
Dependencies file "src/CMakeFiles/bitcoin_common.dir/key_io.cpp.obj.d" is newer than depends file "/home/gg/elarvon/elarvon-core/build-win64/src/CMakeFiles/bitcoin_common.dir/compiler_depend.internal".
Dependencies file "src/CMakeFiles/bitcoin_common.dir/merkleblock.cpp.obj.d" is newer than depends file "/home/gg/elarvon/elarvon-core/build-win64/src/CMakeFiles/bitcoin_common.dir/compiler_depend.internal".
Dependencies file "src/CMakeFiles/bitcoin_common.dir/musig.cpp.obj.d" is newer than depends file "/home/gg/elarvon/elarvon-core/build-win64/src/CMakeFiles/bitcoin_common.dir/compiler_depend.internal".
Dependencies file "src/CMakeFiles/bitcoin_common.dir/net_permissions.cpp.obj.d" is newer than depends file "/home/gg/elarvon/elarvon-core/build-win64/src/CMakeFiles/bitcoin_common.dir/compiler_depend.internal".
Dependencies file "src/CMakeFiles/bitcoin_common.dir/net_types.cpp.obj.d" is newer than depends file "/home/gg/elarvon/elarvon-core/build-win64/src/CMakeFiles/bitcoin_common.dir/compiler_depend.internal".
Dependencies file "src/CMakeFiles/bitcoin_common.dir/netaddress.cpp.obj.d" is newer than depends file "/home/gg/elarvon/elarvon-core/build-win64/src/CMakeFiles/bitcoin_common.dir/compiler_depend.internal".
Dependencies file "src/CMakeFiles/bitcoin_common.dir/netbase.cpp.obj.d" is newer than depends file "/home/gg/elarvon/elarvon-core/build-win64/src/CMakeFiles/bitcoin_common.dir/compiler_depend.internal".
Dependencies file "src/CMakeFiles/bitcoin_common.dir/outputtype.cpp.obj.d" is newer than depends file "/home/gg/elarvon/elarvon-core/build-win64/src/CMakeFiles/bitcoin_common.dir/compiler_depend.internal".
Dependencies file "src/CMakeFiles/bitcoin_common.dir/policy/feerate.cpp.obj.d" is newer than depends file "/home/gg/elarvon/elarvon-core/build-win64/src/CMakeFiles/bitcoin_common.dir/compiler_depend.internal".
Dependencies file "src/CMakeFiles/bitcoin_common.dir/policy/policy.cpp.obj.d" is newer than depends file "/home/gg/elarvon/elarvon-core/build-win64/src/CMakeFiles/bitcoin_common.dir/compiler_depend.internal".
Dependencies file "src/CMakeFiles/bitcoin_common.dir/pow.cpp.obj.d" is newer than depends file "/home/gg/elarvon/elarvon-core/build-win64/src/CMakeFiles/bitcoin_common.dir/compiler_depend.internal".
Dependencies file "src/CMakeFiles/bitcoin_common.dir/protocol.cpp.obj.d" is newer than depends file "/home/gg/elarvon/elarvon-core/build-win64/src/CMakeFiles/bitcoin_common.dir/compiler_depend.internal".
Dependencies file "src/CMakeFiles/bitcoin_common.dir/psbt.cpp.obj.d" is newer than depends file "/home/gg/elarvon/elarvon-core/build-win64/src/CMakeFiles/bitcoin_common.dir/compiler_depend.internal".
Dependencies file "src/CMakeFiles/bitcoin_common.dir/rpc/rawtransaction_util.cpp.obj.d" is newer than depends file "/home/gg/elarvon/elarvon-core/build-win64/src/CMakeFiles/bitcoin_common.dir/compiler_depend.internal".
Dependencies file "src/CMakeFiles/bitcoin_common.dir/rpc/request.cpp.obj.d" is newer than depends file "/home/gg/elarvon/elarvon-core/build-win64/src/CMakeFiles/bitcoin_common.dir/compiler_depend.internal".
Dependencies file "src/CMakeFiles/bitcoin_common.dir/rpc/util.cpp.obj.d" is newer than depends file "/home/gg/elarvon/elarvon-core/build-win64/src/CMakeFiles/bitcoin_common.dir/compiler_depend.internal".
Dependencies file "src/CMakeFiles/bitcoin_common.dir/scheduler.cpp.obj.d" is newer than depends file "/home/gg/elarvon/elarvon-core/build-win64/src/CMakeFiles/bitcoin_common.dir/compiler_depend.internal".
Dependencies file "src/CMakeFiles/bitcoin_common.dir/script/descriptor.cpp.obj.d" is newer than depends file "/home/gg/elarvon/elarvon-core/build-win64/src/CMakeFiles/bitcoin_common.dir/compiler_depend.internal".
Dependencies file "src/CMakeFiles/bitcoin_common.dir/script/miniscript.cpp.obj.d" is newer than depends file "/home/gg/elarvon/elarvon-core/build-win64/src/CMakeFiles/bitcoin_common.dir/compiler_depend.internal".
Dependencies file "src/CMakeFiles/bitcoin_common.dir/script/parsing.cpp.obj.d" is newer than depends file "/home/gg/elarvon/elarvon-core/build-win64/src/CMakeFiles/bitcoin_common.dir/compiler_depend.internal".
Dependencies file "src/CMakeFiles/bitcoin_common.dir/script/sign.cpp.obj.d" is newer than depends file "/home/gg/elarvon/elarvon-core/build-win64/src/CMakeFiles/bitcoin_common.dir/compiler_depend.internal".
Dependencies file "src/CMakeFiles/bitcoin_common.dir/script/signingprovider.cpp.obj.d" is newer than depends file "/home/gg/elarvon/elarvon-core/build-win64/src/CMakeFiles/bitcoin_common.dir/compiler_depend.internal".
Dependencies file "src/CMakeFiles/bitcoin_common.dir/script/solver.cpp.obj.d" is newer than depends file "/home/gg/elarvon/elarvon-core/build-win64/src/CMakeFiles/bitcoin_common.dir/compiler_depend.internal".
Consolidate compiler generated dependencies of target bitcoin_common
gmake[3]: Leaving directory '/home/gg/elarvon/elarvon-core/build-win64'
/bin/gmake  -f src/CMakeFiles/bitcoin_common.dir/build.make src/CMakeFiles/bitcoin_common.dir/build
gmake[3]: Entering directory '/home/gg/elarvon/elarvon-core/build-win64'
gmake[3]: Nothing to be done for 'src/CMakeFiles/bitcoin_common.dir/build'.
gmake[3]: Leaving directory '/home/gg/elarvon/elarvon-core/build-win64'
[ 20%] Built target bitcoin_common
/bin/gmake  -f src/CMakeFiles/bitcoin_node.dir/build.make src/CMakeFiles/bitcoin_node.dir/depend
gmake[3]: Entering directory '/home/gg/elarvon/elarvon-core/build-win64'
cd /home/gg/elarvon/elarvon-core/build-win64 && /usr/bin/cmake -E cmake_depends "Unix Makefiles" /home/gg/elarvon/elarvon-core /home/gg/elarvon/elarvon-core/src /home/gg/elarvon/elarvon-core/build-win64 /home/gg/elarvon/elarvon-core/build-win64/src /home/gg/elarvon/elarvon-core/build-win64/src/CMakeFiles/bitcoin_node.dir/DependInfo.cmake "--color=" bitcoin_node
Dependencies file "src/CMakeFiles/bitcoin_node.dir/addrdb.cpp.obj.d" is newer than depends file "/home/gg/elarvon/elarvon-core/build-win64/src/CMakeFiles/bitcoin_node.dir/compiler_depend.internal".
Dependencies file "src/CMakeFiles/bitcoin_node.dir/addrman.cpp.obj.d" is newer than depends file "/home/gg/elarvon/elarvon-core/build-win64/src/CMakeFiles/bitcoin_node.dir/compiler_depend.internal".
Dependencies file "src/CMakeFiles/bitcoin_node.dir/banman.cpp.obj.d" is newer than depends file "/home/gg/elarvon/elarvon-core/build-win64/src/CMakeFiles/bitcoin_node.dir/compiler_depend.internal".
Dependencies file "src/CMakeFiles/bitcoin_node.dir/bip324.cpp.obj.d" is newer than depends file "/home/gg/elarvon/elarvon-core/build-win64/src/CMakeFiles/bitcoin_node.dir/compiler_depend.internal".
Dependencies file "src/CMakeFiles/bitcoin_node.dir/blockencodings.cpp.obj.d" is newer than depends file "/home/gg/elarvon/elarvon-core/build-win64/src/CMakeFiles/bitcoin_node.dir/compiler_depend.internal".
Dependencies file "src/CMakeFiles/bitcoin_node.dir/blockfilter.cpp.obj.d" is newer than depends file "/home/gg/elarvon/elarvon-core/build-win64/src/CMakeFiles/bitcoin_node.dir/compiler_depend.internal".
Dependencies file "src/CMakeFiles/bitcoin_node.dir/consensus/tx_verify.cpp.obj.d" is newer than depends file "/home/gg/elarvon/elarvon-core/build-win64/src/CMakeFiles/bitcoin_node.dir/compiler_depend.internal".
Dependencies file "src/CMakeFiles/bitcoin_node.dir/dbwrapper.cpp.obj.d" is newer than depends file "/home/gg/elarvon/elarvon-core/build-win64/src/CMakeFiles/bitcoin_node.dir/compiler_depend.internal".
Dependencies file "src/CMakeFiles/bitcoin_node.dir/deploymentstatus.cpp.obj.d" is newer than depends file "/home/gg/elarvon/elarvon-core/build-win64/src/CMakeFiles/bitcoin_node.dir/compiler_depend.internal".
Dependencies file "src/CMakeFiles/bitcoin_node.dir/flatfile.cpp.obj.d" is newer than depends file "/home/gg/elarvon/elarvon-core/build-win64/src/CMakeFiles/bitcoin_node.dir/compiler_depend.internal".
Dependencies file "src/CMakeFiles/bitcoin_node.dir/headerssync.cpp.obj.d" is newer than depends file "/home/gg/elarvon/elarvon-core/build-win64/src/CMakeFiles/bitcoin_node.dir/compiler_depend.internal".
Dependencies file "src/CMakeFiles/bitcoin_node.dir/httprpc.cpp.obj.d" is newer than depends file "/home/gg/elarvon/elarvon-core/build-win64/src/CMakeFiles/bitcoin_node.dir/compiler_depend.internal".
Dependencies file "src/CMakeFiles/bitcoin_node.dir/httpserver.cpp.obj.d" is newer than depends file "/home/gg/elarvon/elarvon-core/build-win64/src/CMakeFiles/bitcoin_node.dir/compiler_depend.internal".
Dependencies file "src/CMakeFiles/bitcoin_node.dir/i2p.cpp.obj.d" is newer than depends file "/home/gg/elarvon/elarvon-core/build-win64/src/CMakeFiles/bitcoin_node.dir/compiler_depend.internal".
Dependencies file "src/CMakeFiles/bitcoin_node.dir/index/base.cpp.obj.d" is newer than depends file "/home/gg/elarvon/elarvon-core/build-win64/src/CMakeFiles/bitcoin_node.dir/compiler_depend.internal".
Dependencies file "src/CMakeFiles/bitcoin_node.dir/index/blockfilterindex.cpp.obj.d" is newer than depends file "/home/gg/elarvon/elarvon-core/build-win64/src/CMakeFiles/bitcoin_node.dir/compiler_depend.internal".
Dependencies file "src/CMakeFiles/bitcoin_node.dir/index/coinstatsindex.cpp.obj.d" is newer than depends file "/home/gg/elarvon/elarvon-core/build-win64/src/CMakeFiles/bitcoin_node.dir/compiler_depend.internal".
Dependencies file "src/CMakeFiles/bitcoin_node.dir/index/txindex.cpp.obj.d" is newer than depends file "/home/gg/elarvon/elarvon-core/build-win64/src/CMakeFiles/bitcoin_node.dir/compiler_depend.internal".
Dependencies file "src/CMakeFiles/bitcoin_node.dir/index/txospenderindex.cpp.obj.d" is newer than depends file "/home/gg/elarvon/elarvon-core/build-win64/src/CMakeFiles/bitcoin_node.dir/compiler_depend.internal".
Dependencies file "src/CMakeFiles/bitcoin_node.dir/init.cpp.obj.d" is newer than depends file "/home/gg/elarvon/elarvon-core/build-win64/src/CMakeFiles/bitcoin_node.dir/compiler_depend.internal".
Dependencies file "src/CMakeFiles/bitcoin_node.dir/kernel/chain.cpp.obj.d" is newer than depends file "/home/gg/elarvon/elarvon-core/build-win64/src/CMakeFiles/bitcoin_node.dir/compiler_depend.internal".
Dependencies file "src/CMakeFiles/bitcoin_node.dir/kernel/checks.cpp.obj.d" is newer than depends file "/home/gg/elarvon/elarvon-core/build-win64/src/CMakeFiles/bitcoin_node.dir/compiler_depend.internal".
Dependencies file "src/CMakeFiles/bitcoin_node.dir/kernel/coinstats.cpp.obj.d" is newer than depends file "/home/gg/elarvon/elarvon-core/build-win64/src/CMakeFiles/bitcoin_node.dir/compiler_depend.internal".
Dependencies file "src/CMakeFiles/bitcoin_node.dir/kernel/context.cpp.obj.d" is newer than depends file "/home/gg/elarvon/elarvon-core/build-win64/src/CMakeFiles/bitcoin_node.dir/compiler_depend.internal".
Dependencies file "src/CMakeFiles/bitcoin_node.dir/kernel/cs_main.cpp.obj.d" is newer than depends file "/home/gg/elarvon/elarvon-core/build-win64/src/CMakeFiles/bitcoin_node.dir/compiler_depend.internal".
Dependencies file "src/CMakeFiles/bitcoin_node.dir/kernel/disconnected_transactions.cpp.obj.d" is newer than depends file "/home/gg/elarvon/elarvon-core/build-win64/src/CMakeFiles/bitcoin_node.dir/compiler_depend.internal".
Dependencies file "src/CMakeFiles/bitcoin_node.dir/kernel/mempool_removal_reason.cpp.obj.d" is newer than depends file "/home/gg/elarvon/elarvon-core/build-win64/src/CMakeFiles/bitcoin_node.dir/compiler_depend.internal".
Dependencies file "src/CMakeFiles/bitcoin_node.dir/mapport.cpp.obj.d" is newer than depends file "/home/gg/elarvon/elarvon-core/build-win64/src/CMakeFiles/bitcoin_node.dir/compiler_depend.internal".
Dependencies file "src/CMakeFiles/bitcoin_node.dir/net.cpp.obj.d" is newer than depends file "/home/gg/elarvon/elarvon-core/build-win64/src/CMakeFiles/bitcoin_node.dir/compiler_depend.internal".
Dependencies file "src/CMakeFiles/bitcoin_node.dir/net_processing.cpp.obj.d" is newer than depends file "/home/gg/elarvon/elarvon-core/build-win64/src/CMakeFiles/bitcoin_node.dir/compiler_depend.internal".
Dependencies file "src/CMakeFiles/bitcoin_node.dir/netgroup.cpp.obj.d" is newer than depends file "/home/gg/elarvon/elarvon-core/build-win64/src/CMakeFiles/bitcoin_node.dir/compiler_depend.internal".
Dependencies file "src/CMakeFiles/bitcoin_node.dir/node/abort.cpp.obj.d" is newer than depends file "/home/gg/elarvon/elarvon-core/build-win64/src/CMakeFiles/bitcoin_node.dir/compiler_depend.internal".
Dependencies file "src/CMakeFiles/bitcoin_node.dir/node/blockmanager_args.cpp.obj.d" is newer than depends file "/home/gg/elarvon/elarvon-core/build-win64/src/CMakeFiles/bitcoin_node.dir/compiler_depend.internal".
Dependencies file "src/CMakeFiles/bitcoin_node.dir/node/blockstorage.cpp.obj.d" is newer than depends file "/home/gg/elarvon/elarvon-core/build-win64/src/CMakeFiles/bitcoin_node.dir/compiler_depend.internal".
Dependencies file "src/CMakeFiles/bitcoin_node.dir/node/caches.cpp.obj.d" is newer than depends file "/home/gg/elarvon/elarvon-core/build-win64/src/CMakeFiles/bitcoin_node.dir/compiler_depend.internal".
Dependencies file "src/CMakeFiles/bitcoin_node.dir/node/chainstate.cpp.obj.d" is newer than depends file "/home/gg/elarvon/elarvon-core/build-win64/src/CMakeFiles/bitcoin_node.dir/compiler_depend.internal".
Dependencies file "src/CMakeFiles/bitcoin_node.dir/node/chainstatemanager_args.cpp.obj.d" is newer than depends file "/home/gg/elarvon/elarvon-core/build-win64/src/CMakeFiles/bitcoin_node.dir/compiler_depend.internal".
Dependencies file "src/CMakeFiles/bitcoin_node.dir/node/coin.cpp.obj.d" is newer than depends file "/home/gg/elarvon/elarvon-core/build-win64/src/CMakeFiles/bitcoin_node.dir/compiler_depend.internal".
Dependencies file "src/CMakeFiles/bitcoin_node.dir/node/coins_view_args.cpp.obj.d" is newer than depends file "/home/gg/elarvon/elarvon-core/build-win64/src/CMakeFiles/bitcoin_node.dir/compiler_depend.internal".
Dependencies file "src/CMakeFiles/bitcoin_node.dir/node/connection_types.cpp.obj.d" is newer than depends file "/home/gg/elarvon/elarvon-core/build-win64/src/CMakeFiles/bitcoin_node.dir/compiler_depend.internal".
Dependencies file "src/CMakeFiles/bitcoin_node.dir/node/context.cpp.obj.d" is newer than depends file "/home/gg/elarvon/elarvon-core/build-win64/src/CMakeFiles/bitcoin_node.dir/compiler_depend.internal".
Dependencies file "src/CMakeFiles/bitcoin_node.dir/node/database_args.cpp.obj.d" is newer than depends file "/home/gg/elarvon/elarvon-core/build-win64/src/CMakeFiles/bitcoin_node.dir/compiler_depend.internal".
Dependencies file "src/CMakeFiles/bitcoin_node.dir/node/eviction.cpp.obj.d" is newer than depends file "/home/gg/elarvon/elarvon-core/build-win64/src/CMakeFiles/bitcoin_node.dir/compiler_depend.internal".
Dependencies file "src/CMakeFiles/bitcoin_node.dir/node/interface_ui.cpp.obj.d" is newer than depends file "/home/gg/elarvon/elarvon-core/build-win64/src/CMakeFiles/bitcoin_node.dir/compiler_depend.internal".
Dependencies file "src/CMakeFiles/bitcoin_node.dir/node/interfaces.cpp.obj.d" is newer than depends file "/home/gg/elarvon/elarvon-core/build-win64/src/CMakeFiles/bitcoin_node.dir/compiler_depend.internal".
Dependencies file "src/CMakeFiles/bitcoin_node.dir/node/kernel_notifications.cpp.obj.d" is newer than depends file "/home/gg/elarvon/elarvon-core/build-win64/src/CMakeFiles/bitcoin_node.dir/compiler_depend.internal".
Dependencies file "src/CMakeFiles/bitcoin_node.dir/node/mempool_args.cpp.obj.d" is newer than depends file "/home/gg/elarvon/elarvon-core/build-win64/src/CMakeFiles/bitcoin_node.dir/compiler_depend.internal".
Dependencies file "src/CMakeFiles/bitcoin_node.dir/node/mempool_persist.cpp.obj.d" is newer than depends file "/home/gg/elarvon/elarvon-core/build-win64/src/CMakeFiles/bitcoin_node.dir/compiler_depend.internal".
Dependencies file "src/CMakeFiles/bitcoin_node.dir/node/mempool_persist_args.cpp.obj.d" is newer than depends file "/home/gg/elarvon/elarvon-core/build-win64/src/CMakeFiles/bitcoin_node.dir/compiler_depend.internal".
Dependencies file "src/CMakeFiles/bitcoin_node.dir/node/miner.cpp.obj.d" is newer than depends file "/home/gg/elarvon/elarvon-core/build-win64/src/CMakeFiles/bitcoin_node.dir/compiler_depend.internal".
Dependencies file "src/CMakeFiles/bitcoin_node.dir/node/mini_miner.cpp.obj.d" is newer than depends file "/home/gg/elarvon/elarvon-core/build-win64/src/CMakeFiles/bitcoin_node.dir/compiler_depend.internal".
Dependencies file "src/CMakeFiles/bitcoin_node.dir/node/minisketchwrapper.cpp.obj.d" is newer than depends file "/home/gg/elarvon/elarvon-core/build-win64/src/CMakeFiles/bitcoin_node.dir/compiler_depend.internal".
Dependencies file "src/CMakeFiles/bitcoin_node.dir/node/peerman_args.cpp.obj.d" is newer than depends file "/home/gg/elarvon/elarvon-core/build-win64/src/CMakeFiles/bitcoin_node.dir/compiler_depend.internal".
Dependencies file "src/CMakeFiles/bitcoin_node.dir/node/psbt.cpp.obj.d" is newer than depends file "/home/gg/elarvon/elarvon-core/build-win64/src/CMakeFiles/bitcoin_node.dir/compiler_depend.internal".
Dependencies file "src/CMakeFiles/bitcoin_node.dir/node/timeoffsets.cpp.obj.d" is newer than depends file "/home/gg/elarvon/elarvon-core/build-win64/src/CMakeFiles/bitcoin_node.dir/compiler_depend.internal".
Dependencies file "src/CMakeFiles/bitcoin_node.dir/node/transaction.cpp.obj.d" is newer than depends file "/home/gg/elarvon/elarvon-core/build-win64/src/CMakeFiles/bitcoin_node.dir/compiler_depend.internal".
Dependencies file "src/CMakeFiles/bitcoin_node.dir/node/txdownloadman_impl.cpp.obj.d" is newer than depends file "/home/gg/elarvon/elarvon-core/build-win64/src/CMakeFiles/bitcoin_node.dir/compiler_depend.internal".
Dependencies file "src/CMakeFiles/bitcoin_node.dir/node/txorphanage.cpp.obj.d" is newer than depends file "/home/gg/elarvon/elarvon-core/build-win64/src/CMakeFiles/bitcoin_node.dir/compiler_depend.internal".
Dependencies file "src/CMakeFiles/bitcoin_node.dir/node/txreconciliation.cpp.obj.d" is newer than depends file "/home/gg/elarvon/elarvon-core/build-win64/src/CMakeFiles/bitcoin_node.dir/compiler_depend.internal".
Dependencies file "src/CMakeFiles/bitcoin_node.dir/node/utxo_snapshot.cpp.obj.d" is newer than depends file "/home/gg/elarvon/elarvon-core/build-win64/src/CMakeFiles/bitcoin_node.dir/compiler_depend.internal".
Dependencies file "src/CMakeFiles/bitcoin_node.dir/node/warnings.cpp.obj.d" is newer than depends file "/home/gg/elarvon/elarvon-core/build-win64/src/CMakeFiles/bitcoin_node.dir/compiler_depend.internal".
Dependencies file "src/CMakeFiles/bitcoin_node.dir/noui.cpp.obj.d" is newer than depends file "/home/gg/elarvon/elarvon-core/build-win64/src/CMakeFiles/bitcoin_node.dir/compiler_depend.internal".
Dependencies file "src/CMakeFiles/bitcoin_node.dir/policy/ephemeral_policy.cpp.obj.d" is newer than depends file "/home/gg/elarvon/elarvon-core/build-win64/src/CMakeFiles/bitcoin_node.dir/compiler_depend.internal".
Dependencies file "src/CMakeFiles/bitcoin_node.dir/policy/fees/block_policy_estimator.cpp.obj.d" is newer than depends file "/home/gg/elarvon/elarvon-core/build-win64/src/CMakeFiles/bitcoin_node.dir/compiler_depend.internal".
Dependencies file "src/CMakeFiles/bitcoin_node.dir/policy/fees/block_policy_estimator_args.cpp.obj.d" is newer than depends file "/home/gg/elarvon/elarvon-core/build-win64/src/CMakeFiles/bitcoin_node.dir/compiler_depend.internal".
Dependencies file "src/CMakeFiles/bitcoin_node.dir/policy/packages.cpp.obj.d" is newer than depends file "/home/gg/elarvon/elarvon-core/build-win64/src/CMakeFiles/bitcoin_node.dir/compiler_depend.internal".
Dependencies file "src/CMakeFiles/bitcoin_node.dir/policy/rbf.cpp.obj.d" is newer than depends file "/home/gg/elarvon/elarvon-core/build-win64/src/CMakeFiles/bitcoin_node.dir/compiler_depend.internal".
Dependencies file "src/CMakeFiles/bitcoin_node.dir/policy/settings.cpp.obj.d" is newer than depends file "/home/gg/elarvon/elarvon-core/build-win64/src/CMakeFiles/bitcoin_node.dir/compiler_depend.internal".
Dependencies file "src/CMakeFiles/bitcoin_node.dir/policy/truc_policy.cpp.obj.d" is newer than depends file "/home/gg/elarvon/elarvon-core/build-win64/src/CMakeFiles/bitcoin_node.dir/compiler_depend.internal".
Dependencies file "src/CMakeFiles/bitcoin_node.dir/private_broadcast.cpp.obj.d" is newer than depends file "/home/gg/elarvon/elarvon-core/build-win64/src/CMakeFiles/bitcoin_node.dir/compiler_depend.internal".
Dependencies file "src/CMakeFiles/bitcoin_node.dir/rest.cpp.obj.d" is newer than depends file "/home/gg/elarvon/elarvon-core/build-win64/src/CMakeFiles/bitcoin_node.dir/compiler_depend.internal".
Dependencies file "src/CMakeFiles/bitcoin_node.dir/rpc/blockchain.cpp.obj.d" is newer than depends file "/home/gg/elarvon/elarvon-core/build-win64/src/CMakeFiles/bitcoin_node.dir/compiler_depend.internal".
Dependencies file "src/CMakeFiles/bitcoin_node.dir/rpc/external_signer.cpp.obj.d" is newer than depends file "/home/gg/elarvon/elarvon-core/build-win64/src/CMakeFiles/bitcoin_node.dir/compiler_depend.internal".
Dependencies file "src/CMakeFiles/bitcoin_node.dir/rpc/fees.cpp.obj.d" is newer than depends file "/home/gg/elarvon/elarvon-core/build-win64/src/CMakeFiles/bitcoin_node.dir/compiler_depend.internal".
Dependencies file "src/CMakeFiles/bitcoin_node.dir/rpc/mempool.cpp.obj.d" is newer than depends file "/home/gg/elarvon/elarvon-core/build-win64/src/CMakeFiles/bitcoin_node.dir/compiler_depend.internal".
Dependencies file "src/CMakeFiles/bitcoin_node.dir/rpc/mining.cpp.obj.d" is newer than depends file "/home/gg/elarvon/elarvon-core/build-win64/src/CMakeFiles/bitcoin_node.dir/compiler_depend.internal".
Dependencies file "src/CMakeFiles/bitcoin_node.dir/rpc/net.cpp.obj.d" is newer than depends file "/home/gg/elarvon/elarvon-core/build-win64/src/CMakeFiles/bitcoin_node.dir/compiler_depend.internal".
Dependencies file "src/CMakeFiles/bitcoin_node.dir/rpc/node.cpp.obj.d" is newer than depends file "/home/gg/elarvon/elarvon-core/build-win64/src/CMakeFiles/bitcoin_node.dir/compiler_depend.internal".
Dependencies file "src/CMakeFiles/bitcoin_node.dir/rpc/output_script.cpp.obj.d" is newer than depends file "/home/gg/elarvon/elarvon-core/build-win64/src/CMakeFiles/bitcoin_node.dir/compiler_depend.internal".
Dependencies file "src/CMakeFiles/bitcoin_node.dir/rpc/rawtransaction.cpp.obj.d" is newer than depends file "/home/gg/elarvon/elarvon-core/build-win64/src/CMakeFiles/bitcoin_node.dir/compiler_depend.internal".
Dependencies file "src/CMakeFiles/bitcoin_node.dir/rpc/server.cpp.obj.d" is newer than depends file "/home/gg/elarvon/elarvon-core/build-win64/src/CMakeFiles/bitcoin_node.dir/compiler_depend.internal".
Dependencies file "src/CMakeFiles/bitcoin_node.dir/rpc/server_util.cpp.obj.d" is newer than depends file "/home/gg/elarvon/elarvon-core/build-win64/src/CMakeFiles/bitcoin_node.dir/compiler_depend.internal".
Dependencies file "src/CMakeFiles/bitcoin_node.dir/rpc/signmessage.cpp.obj.d" is newer than depends file "/home/gg/elarvon/elarvon-core/build-win64/src/CMakeFiles/bitcoin_node.dir/compiler_depend.internal".
Dependencies file "src/CMakeFiles/bitcoin_node.dir/rpc/txoutproof.cpp.obj.d" is newer than depends file "/home/gg/elarvon/elarvon-core/build-win64/src/CMakeFiles/bitcoin_node.dir/compiler_depend.internal".
Dependencies file "src/CMakeFiles/bitcoin_node.dir/script/sigcache.cpp.obj.d" is newer than depends file "/home/gg/elarvon/elarvon-core/build-win64/src/CMakeFiles/bitcoin_node.dir/compiler_depend.internal".
Dependencies file "src/CMakeFiles/bitcoin_node.dir/signet.cpp.obj.d" is newer than depends file "/home/gg/elarvon/elarvon-core/build-win64/src/CMakeFiles/bitcoin_node.dir/compiler_depend.internal".
Dependencies file "src/CMakeFiles/bitcoin_node.dir/torcontrol.cpp.obj.d" is newer than depends file "/home/gg/elarvon/elarvon-core/build-win64/src/CMakeFiles/bitcoin_node.dir/compiler_depend.internal".
Dependencies file "src/CMakeFiles/bitcoin_node.dir/txdb.cpp.obj.d" is newer than depends file "/home/gg/elarvon/elarvon-core/build-win64/src/CMakeFiles/bitcoin_node.dir/compiler_depend.internal".
Dependencies file "src/CMakeFiles/bitcoin_node.dir/txgraph.cpp.obj.d" is newer than depends file "/home/gg/elarvon/elarvon-core/build-win64/src/CMakeFiles/bitcoin_node.dir/compiler_depend.internal".
Dependencies file "src/CMakeFiles/bitcoin_node.dir/txmempool.cpp.obj.d" is newer than depends file "/home/gg/elarvon/elarvon-core/build-win64/src/CMakeFiles/bitcoin_node.dir/compiler_depend.internal".
Dependencies file "src/CMakeFiles/bitcoin_node.dir/txrequest.cpp.obj.d" is newer than depends file "/home/gg/elarvon/elarvon-core/build-win64/src/CMakeFiles/bitcoin_node.dir/compiler_depend.internal".
Dependencies file "src/CMakeFiles/bitcoin_node.dir/validation.cpp.obj.d" is newer than depends file "/home/gg/elarvon/elarvon-core/build-win64/src/CMakeFiles/bitcoin_node.dir/compiler_depend.internal".
Dependencies file "src/CMakeFiles/bitcoin_node.dir/validationinterface.cpp.obj.d" is newer than depends file "/home/gg/elarvon/elarvon-core/build-win64/src/CMakeFiles/bitcoin_node.dir/compiler_depend.internal".
Dependencies file "src/CMakeFiles/bitcoin_node.dir/versionbits.cpp.obj.d" is newer than depends file "/home/gg/elarvon/elarvon-core/build-win64/src/CMakeFiles/bitcoin_node.dir/compiler_depend.internal".
Dependencies file "src/CMakeFiles/bitcoin_node.dir/wallet/init.cpp.obj.d" is newer than depends file "/home/gg/elarvon/elarvon-core/build-win64/src/CMakeFiles/bitcoin_node.dir/compiler_depend.internal".
Consolidate compiler generated dependencies of target bitcoin_node
gmake[3]: Leaving directory '/home/gg/elarvon/elarvon-core/build-win64'
/bin/gmake  -f src/CMakeFiles/bitcoin_node.dir/build.make src/CMakeFiles/bitcoin_node.dir/build
gmake[3]: Entering directory '/home/gg/elarvon/elarvon-core/build-win64'
gmake[3]: Nothing to be done for 'src/CMakeFiles/bitcoin_node.dir/build'.
gmake[3]: Leaving directory '/home/gg/elarvon/elarvon-core/build-win64'
[ 33%] Built target bitcoin_node
/bin/gmake  -f src/CMakeFiles/bitcoin_cli.dir/build.make src/CMakeFiles/bitcoin_cli.dir/depend
gmake[3]: Entering directory '/home/gg/elarvon/elarvon-core/build-win64'
cd /home/gg/elarvon/elarvon-core/build-win64 && /usr/bin/cmake -E cmake_depends "Unix Makefiles" /home/gg/elarvon/elarvon-core /home/gg/elarvon/elarvon-core/src /home/gg/elarvon/elarvon-core/build-win64 /home/gg/elarvon/elarvon-core/build-win64/src /home/gg/elarvon/elarvon-core/build-win64/src/CMakeFiles/bitcoin_cli.dir/DependInfo.cmake "--color=" bitcoin_cli
Dependencies file "src/CMakeFiles/bitcoin_cli.dir/compat/stdin.cpp.obj.d" is newer than depends file "/home/gg/elarvon/elarvon-core/build-win64/src/CMakeFiles/bitcoin_cli.dir/compiler_depend.internal".
Dependencies file "src/CMakeFiles/bitcoin_cli.dir/rpc/client.cpp.obj.d" is newer than depends file "/home/gg/elarvon/elarvon-core/build-win64/src/CMakeFiles/bitcoin_cli.dir/compiler_depend.internal".
Consolidate compiler generated dependencies of target bitcoin_cli
gmake[3]: Leaving directory '/home/gg/elarvon/elarvon-core/build-win64'
/bin/gmake  -f src/CMakeFiles/bitcoin_cli.dir/build.make src/CMakeFiles/bitcoin_cli.dir/build
gmake[3]: Entering directory '/home/gg/elarvon/elarvon-core/build-win64'
gmake[3]: Nothing to be done for 'src/CMakeFiles/bitcoin_cli.dir/build'.
gmake[3]: Leaving directory '/home/gg/elarvon/elarvon-core/build-win64'
[ 34%] Built target bitcoin_cli
/bin/gmake  -f src/univalue/CMakeFiles/univalue.dir/build.make src/univalue/CMakeFiles/univalue.dir/depend
gmake[3]: Entering directory '/home/gg/elarvon/elarvon-core/build-win64'
cd /home/gg/elarvon/elarvon-core/build-win64 && /usr/bin/cmake -E cmake_depends "Unix Makefiles" /home/gg/elarvon/elarvon-core /home/gg/elarvon/elarvon-core/src/univalue /home/gg/elarvon/elarvon-core/build-win64 /home/gg/elarvon/elarvon-core/build-win64/src/univalue /home/gg/elarvon/elarvon-core/build-win64/src/univalue/CMakeFiles/univalue.dir/DependInfo.cmake "--color=" univalue
Dependencies file "src/univalue/CMakeFiles/univalue.dir/lib/univalue.cpp.obj.d" is newer than depends file "/home/gg/elarvon/elarvon-core/build-win64/src/univalue/CMakeFiles/univalue.dir/compiler_depend.internal".
Dependencies file "src/univalue/CMakeFiles/univalue.dir/lib/univalue_get.cpp.obj.d" is newer than depends file "/home/gg/elarvon/elarvon-core/build-win64/src/univalue/CMakeFiles/univalue.dir/compiler_depend.internal".
Dependencies file "src/univalue/CMakeFiles/univalue.dir/lib/univalue_read.cpp.obj.d" is newer than depends file "/home/gg/elarvon/elarvon-core/build-win64/src/univalue/CMakeFiles/univalue.dir/compiler_depend.internal".
Dependencies file "src/univalue/CMakeFiles/univalue.dir/lib/univalue_write.cpp.obj.d" is newer than depends file "/home/gg/elarvon/elarvon-core/build-win64/src/univalue/CMakeFiles/univalue.dir/compiler_depend.internal".
Consolidate compiler generated dependencies of target univalue
gmake[3]: Leaving directory '/home/gg/elarvon/elarvon-core/build-win64'
/bin/gmake  -f src/univalue/CMakeFiles/univalue.dir/build.make src/univalue/CMakeFiles/univalue.dir/build
gmake[3]: Entering directory '/home/gg/elarvon/elarvon-core/build-win64'
gmake[3]: Nothing to be done for 'src/univalue/CMakeFiles/univalue.dir/build'.
gmake[3]: Leaving directory '/home/gg/elarvon/elarvon-core/build-win64'
[ 35%] Built target univalue
/bin/gmake  -f src/secp256k1/src/CMakeFiles/secp256k1_precomputed.dir/build.make src/secp256k1/src/CMakeFiles/secp256k1_precomputed.dir/depend
gmake[3]: Entering directory '/home/gg/elarvon/elarvon-core/build-win64'
cd /home/gg/elarvon/elarvon-core/build-win64 && /usr/bin/cmake -E cmake_depends "Unix Makefiles" /home/gg/elarvon/elarvon-core /home/gg/elarvon/elarvon-core/src/secp256k1/src /home/gg/elarvon/elarvon-core/build-win64 /home/gg/elarvon/elarvon-core/build-win64/src/secp256k1/src /home/gg/elarvon/elarvon-core/build-win64/src/secp256k1/src/CMakeFiles/secp256k1_precomputed.dir/DependInfo.cmake "--color=" secp256k1_precomputed
Dependencies file "src/secp256k1/src/CMakeFiles/secp256k1_precomputed.dir/precomputed_ecmult.c.obj.d" is newer than depends file "/home/gg/elarvon/elarvon-core/build-win64/src/secp256k1/src/CMakeFiles/secp256k1_precomputed.dir/compiler_depend.internal".
Dependencies file "src/secp256k1/src/CMakeFiles/secp256k1_precomputed.dir/precomputed_ecmult_gen.c.obj.d" is newer than depends file "/home/gg/elarvon/elarvon-core/build-win64/src/secp256k1/src/CMakeFiles/secp256k1_precomputed.dir/compiler_depend.internal".
Consolidate compiler generated dependencies of target secp256k1_precomputed
gmake[3]: Leaving directory '/home/gg/elarvon/elarvon-core/build-win64'
/bin/gmake  -f src/secp256k1/src/CMakeFiles/secp256k1_precomputed.dir/build.make src/secp256k1/src/CMakeFiles/secp256k1_precomputed.dir/build
gmake[3]: Entering directory '/home/gg/elarvon/elarvon-core/build-win64'
gmake[3]: Nothing to be done for 'src/secp256k1/src/CMakeFiles/secp256k1_precomputed.dir/build'.
gmake[3]: Leaving directory '/home/gg/elarvon/elarvon-core/build-win64'
[ 37%] Built target secp256k1_precomputed
/bin/gmake  -f src/secp256k1/src/CMakeFiles/secp256k1.dir/build.make src/secp256k1/src/CMakeFiles/secp256k1.dir/depend
gmake[3]: Entering directory '/home/gg/elarvon/elarvon-core/build-win64'
cd /home/gg/elarvon/elarvon-core/build-win64 && /usr/bin/cmake -E cmake_depends "Unix Makefiles" /home/gg/elarvon/elarvon-core /home/gg/elarvon/elarvon-core/src/secp256k1/src /home/gg/elarvon/elarvon-core/build-win64 /home/gg/elarvon/elarvon-core/build-win64/src/secp256k1/src /home/gg/elarvon/elarvon-core/build-win64/src/secp256k1/src/CMakeFiles/secp256k1.dir/DependInfo.cmake "--color=" secp256k1
Dependencies file "src/secp256k1/src/CMakeFiles/secp256k1.dir/secp256k1.c.obj.d" is newer than depends file "/home/gg/elarvon/elarvon-core/build-win64/src/secp256k1/src/CMakeFiles/secp256k1.dir/compiler_depend.internal".
Consolidate compiler generated dependencies of target secp256k1
gmake[3]: Leaving directory '/home/gg/elarvon/elarvon-core/build-win64'
/bin/gmake  -f src/secp256k1/src/CMakeFiles/secp256k1.dir/build.make src/secp256k1/src/CMakeFiles/secp256k1.dir/build
gmake[3]: Entering directory '/home/gg/elarvon/elarvon-core/build-win64'
gmake[3]: Nothing to be done for 'src/secp256k1/src/CMakeFiles/secp256k1.dir/build'.
gmake[3]: Leaving directory '/home/gg/elarvon/elarvon-core/build-win64'
[ 37%] Built target secp256k1
/bin/gmake  -f src/crypto/CMakeFiles/bitcoin_crypto.dir/build.make src/crypto/CMakeFiles/bitcoin_crypto.dir/depend
gmake[3]: Entering directory '/home/gg/elarvon/elarvon-core/build-win64'
cd /home/gg/elarvon/elarvon-core/build-win64 && /usr/bin/cmake -E cmake_depends "Unix Makefiles" /home/gg/elarvon/elarvon-core /home/gg/elarvon/elarvon-core/src/crypto /home/gg/elarvon/elarvon-core/build-win64 /home/gg/elarvon/elarvon-core/build-win64/src/crypto /home/gg/elarvon/elarvon-core/build-win64/src/crypto/CMakeFiles/bitcoin_crypto.dir/DependInfo.cmake "--color=" bitcoin_crypto
Dependencies file "src/crypto/CMakeFiles/bitcoin_crypto.dir/__/support/cleanse.cpp.obj.d" is newer than depends file "/home/gg/elarvon/elarvon-core/build-win64/src/crypto/CMakeFiles/bitcoin_crypto.dir/compiler_depend.internal".
Dependencies file "src/crypto/CMakeFiles/bitcoin_crypto.dir/aes.cpp.obj.d" is newer than depends file "/home/gg/elarvon/elarvon-core/build-win64/src/crypto/CMakeFiles/bitcoin_crypto.dir/compiler_depend.internal".
Dependencies file "src/crypto/CMakeFiles/bitcoin_crypto.dir/chacha20.cpp.obj.d" is newer than depends file "/home/gg/elarvon/elarvon-core/build-win64/src/crypto/CMakeFiles/bitcoin_crypto.dir/compiler_depend.internal".
Dependencies file "src/crypto/CMakeFiles/bitcoin_crypto.dir/chacha20poly1305.cpp.obj.d" is newer than depends file "/home/gg/elarvon/elarvon-core/build-win64/src/crypto/CMakeFiles/bitcoin_crypto.dir/compiler_depend.internal".
Dependencies file "src/crypto/CMakeFiles/bitcoin_crypto.dir/hex_base.cpp.obj.d" is newer than depends file "/home/gg/elarvon/elarvon-core/build-win64/src/crypto/CMakeFiles/bitcoin_crypto.dir/compiler_depend.internal".
Dependencies file "src/crypto/CMakeFiles/bitcoin_crypto.dir/hkdf_sha256_32.cpp.obj.d" is newer than depends file "/home/gg/elarvon/elarvon-core/build-win64/src/crypto/CMakeFiles/bitcoin_crypto.dir/compiler_depend.internal".
Dependencies file "src/crypto/CMakeFiles/bitcoin_crypto.dir/hmac_sha256.cpp.obj.d" is newer than depends file "/home/gg/elarvon/elarvon-core/build-win64/src/crypto/CMakeFiles/bitcoin_crypto.dir/compiler_depend.internal".
Dependencies file "src/crypto/CMakeFiles/bitcoin_crypto.dir/hmac_sha512.cpp.obj.d" is newer than depends file "/home/gg/elarvon/elarvon-core/build-win64/src/crypto/CMakeFiles/bitcoin_crypto.dir/compiler_depend.internal".
Dependencies file "src/crypto/CMakeFiles/bitcoin_crypto.dir/muhash.cpp.obj.d" is newer than depends file "/home/gg/elarvon/elarvon-core/build-win64/src/crypto/CMakeFiles/bitcoin_crypto.dir/compiler_depend.internal".
Dependencies file "src/crypto/CMakeFiles/bitcoin_crypto.dir/poly1305.cpp.obj.d" is newer than depends file "/home/gg/elarvon/elarvon-core/build-win64/src/crypto/CMakeFiles/bitcoin_crypto.dir/compiler_depend.internal".
Dependencies file "src/crypto/CMakeFiles/bitcoin_crypto.dir/ripemd160.cpp.obj.d" is newer than depends file "/home/gg/elarvon/elarvon-core/build-win64/src/crypto/CMakeFiles/bitcoin_crypto.dir/compiler_depend.internal".
Dependencies file "src/crypto/CMakeFiles/bitcoin_crypto.dir/sha1.cpp.obj.d" is newer than depends file "/home/gg/elarvon/elarvon-core/build-win64/src/crypto/CMakeFiles/bitcoin_crypto.dir/compiler_depend.internal".
Dependencies file "src/crypto/CMakeFiles/bitcoin_crypto.dir/sha256.cpp.obj.d" is newer than depends file "/home/gg/elarvon/elarvon-core/build-win64/src/crypto/CMakeFiles/bitcoin_crypto.dir/compiler_depend.internal".
Dependencies file "src/crypto/CMakeFiles/bitcoin_crypto.dir/sha256_avx2.cpp.obj.d" is newer than depends file "/home/gg/elarvon/elarvon-core/build-win64/src/crypto/CMakeFiles/bitcoin_crypto.dir/compiler_depend.internal".
Dependencies file "src/crypto/CMakeFiles/bitcoin_crypto.dir/sha256_sse4.cpp.obj.d" is newer than depends file "/home/gg/elarvon/elarvon-core/build-win64/src/crypto/CMakeFiles/bitcoin_crypto.dir/compiler_depend.internal".
Dependencies file "src/crypto/CMakeFiles/bitcoin_crypto.dir/sha256_sse41.cpp.obj.d" is newer than depends file "/home/gg/elarvon/elarvon-core/build-win64/src/crypto/CMakeFiles/bitcoin_crypto.dir/compiler_depend.internal".
Dependencies file "src/crypto/CMakeFiles/bitcoin_crypto.dir/sha256_x86_shani.cpp.obj.d" is newer than depends file "/home/gg/elarvon/elarvon-core/build-win64/src/crypto/CMakeFiles/bitcoin_crypto.dir/compiler_depend.internal".
Dependencies file "src/crypto/CMakeFiles/bitcoin_crypto.dir/sha3.cpp.obj.d" is newer than depends file "/home/gg/elarvon/elarvon-core/build-win64/src/crypto/CMakeFiles/bitcoin_crypto.dir/compiler_depend.internal".
Dependencies file "src/crypto/CMakeFiles/bitcoin_crypto.dir/sha512.cpp.obj.d" is newer than depends file "/home/gg/elarvon/elarvon-core/build-win64/src/crypto/CMakeFiles/bitcoin_crypto.dir/compiler_depend.internal".
Dependencies file "src/crypto/CMakeFiles/bitcoin_crypto.dir/siphash.cpp.obj.d" is newer than depends file "/home/gg/elarvon/elarvon-core/build-win64/src/crypto/CMakeFiles/bitcoin_crypto.dir/compiler_depend.internal".
Consolidate compiler generated dependencies of target bitcoin_crypto
gmake[3]: Leaving directory '/home/gg/elarvon/elarvon-core/build-win64'
/bin/gmake  -f src/crypto/CMakeFiles/bitcoin_crypto.dir/build.make src/crypto/CMakeFiles/bitcoin_crypto.dir/build
gmake[3]: Entering directory '/home/gg/elarvon/elarvon-core/build-win64'
gmake[3]: Nothing to be done for 'src/crypto/CMakeFiles/bitcoin_crypto.dir/build'.
gmake[3]: Leaving directory '/home/gg/elarvon/elarvon-core/build-win64'
[ 40%] Built target bitcoin_crypto
/bin/gmake  -f src/util/CMakeFiles/bitcoin_util.dir/build.make src/util/CMakeFiles/bitcoin_util.dir/depend
gmake[3]: Entering directory '/home/gg/elarvon/elarvon-core/build-win64'
cd /home/gg/elarvon/elarvon-core/build-win64 && /usr/bin/cmake -E cmake_depends "Unix Makefiles" /home/gg/elarvon/elarvon-core /home/gg/elarvon/elarvon-core/src/util /home/gg/elarvon/elarvon-core/build-win64 /home/gg/elarvon/elarvon-core/build-win64/src/util /home/gg/elarvon/elarvon-core/build-win64/src/util/CMakeFiles/bitcoin_util.dir/DependInfo.cmake "--color=" bitcoin_util
Dependencies file "src/util/CMakeFiles/bitcoin_util.dir/__/logging.cpp.obj.d" is newer than depends file "/home/gg/elarvon/elarvon-core/build-win64/src/util/CMakeFiles/bitcoin_util.dir/compiler_depend.internal".
Dependencies file "src/util/CMakeFiles/bitcoin_util.dir/__/random.cpp.obj.d" is newer than depends file "/home/gg/elarvon/elarvon-core/build-win64/src/util/CMakeFiles/bitcoin_util.dir/compiler_depend.internal".
Dependencies file "src/util/CMakeFiles/bitcoin_util.dir/__/randomenv.cpp.obj.d" is newer than depends file "/home/gg/elarvon/elarvon-core/build-win64/src/util/CMakeFiles/bitcoin_util.dir/compiler_depend.internal".
Dependencies file "src/util/CMakeFiles/bitcoin_util.dir/__/streams.cpp.obj.d" is newer than depends file "/home/gg/elarvon/elarvon-core/build-win64/src/util/CMakeFiles/bitcoin_util.dir/compiler_depend.internal".
Dependencies file "src/util/CMakeFiles/bitcoin_util.dir/__/support/lockedpool.cpp.obj.d" is newer than depends file "/home/gg/elarvon/elarvon-core/build-win64/src/util/CMakeFiles/bitcoin_util.dir/compiler_depend.internal".
Dependencies file "src/util/CMakeFiles/bitcoin_util.dir/__/sync.cpp.obj.d" is newer than depends file "/home/gg/elarvon/elarvon-core/build-win64/src/util/CMakeFiles/bitcoin_util.dir/compiler_depend.internal".
Dependencies file "src/util/CMakeFiles/bitcoin_util.dir/asmap.cpp.obj.d" is newer than depends file "/home/gg/elarvon/elarvon-core/build-win64/src/util/CMakeFiles/bitcoin_util.dir/compiler_depend.internal".
Dependencies file "src/util/CMakeFiles/bitcoin_util.dir/batchpriority.cpp.obj.d" is newer than depends file "/home/gg/elarvon/elarvon-core/build-win64/src/util/CMakeFiles/bitcoin_util.dir/compiler_depend.internal".
Dependencies file "src/util/CMakeFiles/bitcoin_util.dir/bip32.cpp.obj.d" is newer than depends file "/home/gg/elarvon/elarvon-core/build-win64/src/util/CMakeFiles/bitcoin_util.dir/compiler_depend.internal".
Dependencies file "src/util/CMakeFiles/bitcoin_util.dir/bytevectorhash.cpp.obj.d" is newer than depends file "/home/gg/elarvon/elarvon-core/build-win64/src/util/CMakeFiles/bitcoin_util.dir/compiler_depend.internal".
Dependencies file "src/util/CMakeFiles/bitcoin_util.dir/chaintype.cpp.obj.d" is newer than depends file "/home/gg/elarvon/elarvon-core/build-win64/src/util/CMakeFiles/bitcoin_util.dir/compiler_depend.internal".
Dependencies file "src/util/CMakeFiles/bitcoin_util.dir/check.cpp.obj.d" is newer than depends file "/home/gg/elarvon/elarvon-core/build-win64/src/util/CMakeFiles/bitcoin_util.dir/compiler_depend.internal".
Dependencies file "src/util/CMakeFiles/bitcoin_util.dir/exception.cpp.obj.d" is newer than depends file "/home/gg/elarvon/elarvon-core/build-win64/src/util/CMakeFiles/bitcoin_util.dir/compiler_depend.internal".
Dependencies file "src/util/CMakeFiles/bitcoin_util.dir/exec.cpp.obj.d" is newer than depends file "/home/gg/elarvon/elarvon-core/build-win64/src/util/CMakeFiles/bitcoin_util.dir/compiler_depend.internal".
Dependencies file "src/util/CMakeFiles/bitcoin_util.dir/feefrac.cpp.obj.d" is newer than depends file "/home/gg/elarvon/elarvon-core/build-win64/src/util/CMakeFiles/bitcoin_util.dir/compiler_depend.internal".
Dependencies file "src/util/CMakeFiles/bitcoin_util.dir/fs.cpp.obj.d" is newer than depends file "/home/gg/elarvon/elarvon-core/build-win64/src/util/CMakeFiles/bitcoin_util.dir/compiler_depend.internal".
Dependencies file "src/util/CMakeFiles/bitcoin_util.dir/fs_helpers.cpp.obj.d" is newer than depends file "/home/gg/elarvon/elarvon-core/build-win64/src/util/CMakeFiles/bitcoin_util.dir/compiler_depend.internal".
Dependencies file "src/util/CMakeFiles/bitcoin_util.dir/hasher.cpp.obj.d" is newer than depends file "/home/gg/elarvon/elarvon-core/build-win64/src/util/CMakeFiles/bitcoin_util.dir/compiler_depend.internal".
Dependencies file "src/util/CMakeFiles/bitcoin_util.dir/moneystr.cpp.obj.d" is newer than depends file "/home/gg/elarvon/elarvon-core/build-win64/src/util/CMakeFiles/bitcoin_util.dir/compiler_depend.internal".
Dependencies file "src/util/CMakeFiles/bitcoin_util.dir/rbf.cpp.obj.d" is newer than depends file "/home/gg/elarvon/elarvon-core/build-win64/src/util/CMakeFiles/bitcoin_util.dir/compiler_depend.internal".
Dependencies file "src/util/CMakeFiles/bitcoin_util.dir/readwritefile.cpp.obj.d" is newer than depends file "/home/gg/elarvon/elarvon-core/build-win64/src/util/CMakeFiles/bitcoin_util.dir/compiler_depend.internal".
Dependencies file "src/util/CMakeFiles/bitcoin_util.dir/serfloat.cpp.obj.d" is newer than depends file "/home/gg/elarvon/elarvon-core/build-win64/src/util/CMakeFiles/bitcoin_util.dir/compiler_depend.internal".
Dependencies file "src/util/CMakeFiles/bitcoin_util.dir/signalinterrupt.cpp.obj.d" is newer than depends file "/home/gg/elarvon/elarvon-core/build-win64/src/util/CMakeFiles/bitcoin_util.dir/compiler_depend.internal".
Dependencies file "src/util/CMakeFiles/bitcoin_util.dir/sock.cpp.obj.d" is newer than depends file "/home/gg/elarvon/elarvon-core/build-win64/src/util/CMakeFiles/bitcoin_util.dir/compiler_depend.internal".
Dependencies file "src/util/CMakeFiles/bitcoin_util.dir/strencodings.cpp.obj.d" is newer than depends file "/home/gg/elarvon/elarvon-core/build-win64/src/util/CMakeFiles/bitcoin_util.dir/compiler_depend.internal".
Dependencies file "src/util/CMakeFiles/bitcoin_util.dir/string.cpp.obj.d" is newer than depends file "/home/gg/elarvon/elarvon-core/build-win64/src/util/CMakeFiles/bitcoin_util.dir/compiler_depend.internal".
Dependencies file "src/util/CMakeFiles/bitcoin_util.dir/syserror.cpp.obj.d" is newer than depends file "/home/gg/elarvon/elarvon-core/build-win64/src/util/CMakeFiles/bitcoin_util.dir/compiler_depend.internal".
Dependencies file "src/util/CMakeFiles/bitcoin_util.dir/thread.cpp.obj.d" is newer than depends file "/home/gg/elarvon/elarvon-core/build-win64/src/util/CMakeFiles/bitcoin_util.dir/compiler_depend.internal".
Dependencies file "src/util/CMakeFiles/bitcoin_util.dir/threadinterrupt.cpp.obj.d" is newer than depends file "/home/gg/elarvon/elarvon-core/build-win64/src/util/CMakeFiles/bitcoin_util.dir/compiler_depend.internal".
Dependencies file "src/util/CMakeFiles/bitcoin_util.dir/threadnames.cpp.obj.d" is newer than depends file "/home/gg/elarvon/elarvon-core/build-win64/src/util/CMakeFiles/bitcoin_util.dir/compiler_depend.internal".
Dependencies file "src/util/CMakeFiles/bitcoin_util.dir/time.cpp.obj.d" is newer than depends file "/home/gg/elarvon/elarvon-core/build-win64/src/util/CMakeFiles/bitcoin_util.dir/compiler_depend.internal".
Dependencies file "src/util/CMakeFiles/bitcoin_util.dir/tokenpipe.cpp.obj.d" is newer than depends file "/home/gg/elarvon/elarvon-core/build-win64/src/util/CMakeFiles/bitcoin_util.dir/compiler_depend.internal".
Consolidate compiler generated dependencies of target bitcoin_util
gmake[3]: Leaving directory '/home/gg/elarvon/elarvon-core/build-win64'
/bin/gmake  -f src/util/CMakeFiles/bitcoin_util.dir/build.make src/util/CMakeFiles/bitcoin_util.dir/build
gmake[3]: Entering directory '/home/gg/elarvon/elarvon-core/build-win64'
gmake[3]: Nothing to be done for 'src/util/CMakeFiles/bitcoin_util.dir/build'.
gmake[3]: Leaving directory '/home/gg/elarvon/elarvon-core/build-win64'
[ 44%] Built target bitcoin_util
/bin/gmake  -f src/zmq/CMakeFiles/bitcoin_zmq.dir/build.make src/zmq/CMakeFiles/bitcoin_zmq.dir/depend
gmake[3]: Entering directory '/home/gg/elarvon/elarvon-core/build-win64'
cd /home/gg/elarvon/elarvon-core/build-win64 && /usr/bin/cmake -E cmake_depends "Unix Makefiles" /home/gg/elarvon/elarvon-core /home/gg/elarvon/elarvon-core/src/zmq /home/gg/elarvon/elarvon-core/build-win64 /home/gg/elarvon/elarvon-core/build-win64/src/zmq /home/gg/elarvon/elarvon-core/build-win64/src/zmq/CMakeFiles/bitcoin_zmq.dir/DependInfo.cmake "--color=" bitcoin_zmq
Dependencies file "src/zmq/CMakeFiles/bitcoin_zmq.dir/zmqabstractnotifier.cpp.obj.d" is newer than depends file "/home/gg/elarvon/elarvon-core/build-win64/src/zmq/CMakeFiles/bitcoin_zmq.dir/compiler_depend.internal".
Dependencies file "src/zmq/CMakeFiles/bitcoin_zmq.dir/zmqnotificationinterface.cpp.obj.d" is newer than depends file "/home/gg/elarvon/elarvon-core/build-win64/src/zmq/CMakeFiles/bitcoin_zmq.dir/compiler_depend.internal".
Dependencies file "src/zmq/CMakeFiles/bitcoin_zmq.dir/zmqpublishnotifier.cpp.obj.d" is newer than depends file "/home/gg/elarvon/elarvon-core/build-win64/src/zmq/CMakeFiles/bitcoin_zmq.dir/compiler_depend.internal".
Dependencies file "src/zmq/CMakeFiles/bitcoin_zmq.dir/zmqrpc.cpp.obj.d" is newer than depends file "/home/gg/elarvon/elarvon-core/build-win64/src/zmq/CMakeFiles/bitcoin_zmq.dir/compiler_depend.internal".
Dependencies file "src/zmq/CMakeFiles/bitcoin_zmq.dir/zmqutil.cpp.obj.d" is newer than depends file "/home/gg/elarvon/elarvon-core/build-win64/src/zmq/CMakeFiles/bitcoin_zmq.dir/compiler_depend.internal".
Consolidate compiler generated dependencies of target bitcoin_zmq
gmake[3]: Leaving directory '/home/gg/elarvon/elarvon-core/build-win64'
/bin/gmake  -f src/zmq/CMakeFiles/bitcoin_zmq.dir/build.make src/zmq/CMakeFiles/bitcoin_zmq.dir/build
gmake[3]: Entering directory '/home/gg/elarvon/elarvon-core/build-win64'
gmake[3]: Nothing to be done for 'src/zmq/CMakeFiles/bitcoin_zmq.dir/build'.
gmake[3]: Leaving directory '/home/gg/elarvon/elarvon-core/build-win64'
[ 46%] Built target bitcoin_zmq
/bin/gmake  -f src/wallet/CMakeFiles/bitcoin_wallet.dir/build.make src/wallet/CMakeFiles/bitcoin_wallet.dir/depend
gmake[3]: Entering directory '/home/gg/elarvon/elarvon-core/build-win64'
cd /home/gg/elarvon/elarvon-core/build-win64 && /usr/bin/cmake -E cmake_depends "Unix Makefiles" /home/gg/elarvon/elarvon-core /home/gg/elarvon/elarvon-core/src/wallet /home/gg/elarvon/elarvon-core/build-win64 /home/gg/elarvon/elarvon-core/build-win64/src/wallet /home/gg/elarvon/elarvon-core/build-win64/src/wallet/CMakeFiles/bitcoin_wallet.dir/DependInfo.cmake "--color=" bitcoin_wallet
Dependencies file "src/wallet/CMakeFiles/bitcoin_wallet.dir/coincontrol.cpp.obj.d" is newer than depends file "/home/gg/elarvon/elarvon-core/build-win64/src/wallet/CMakeFiles/bitcoin_wallet.dir/compiler_depend.internal".
Dependencies file "src/wallet/CMakeFiles/bitcoin_wallet.dir/coinselection.cpp.obj.d" is newer than depends file "/home/gg/elarvon/elarvon-core/build-win64/src/wallet/CMakeFiles/bitcoin_wallet.dir/compiler_depend.internal".
Dependencies file "src/wallet/CMakeFiles/bitcoin_wallet.dir/context.cpp.obj.d" is newer than depends file "/home/gg/elarvon/elarvon-core/build-win64/src/wallet/CMakeFiles/bitcoin_wallet.dir/compiler_depend.internal".
Dependencies file "src/wallet/CMakeFiles/bitcoin_wallet.dir/crypter.cpp.obj.d" is newer than depends file "/home/gg/elarvon/elarvon-core/build-win64/src/wallet/CMakeFiles/bitcoin_wallet.dir/compiler_depend.internal".
Dependencies file "src/wallet/CMakeFiles/bitcoin_wallet.dir/db.cpp.obj.d" is newer than depends file "/home/gg/elarvon/elarvon-core/build-win64/src/wallet/CMakeFiles/bitcoin_wallet.dir/compiler_depend.internal".
Dependencies file "src/wallet/CMakeFiles/bitcoin_wallet.dir/dump.cpp.obj.d" is newer than depends file "/home/gg/elarvon/elarvon-core/build-win64/src/wallet/CMakeFiles/bitcoin_wallet.dir/compiler_depend.internal".
Dependencies file "src/wallet/CMakeFiles/bitcoin_wallet.dir/external_signer_scriptpubkeyman.cpp.obj.d" is newer than depends file "/home/gg/elarvon/elarvon-core/build-win64/src/wallet/CMakeFiles/bitcoin_wallet.dir/compiler_depend.internal".
Dependencies file "src/wallet/CMakeFiles/bitcoin_wallet.dir/feebumper.cpp.obj.d" is newer than depends file "/home/gg/elarvon/elarvon-core/build-win64/src/wallet/CMakeFiles/bitcoin_wallet.dir/compiler_depend.internal".
Dependencies file "src/wallet/CMakeFiles/bitcoin_wallet.dir/fees.cpp.obj.d" is newer than depends file "/home/gg/elarvon/elarvon-core/build-win64/src/wallet/CMakeFiles/bitcoin_wallet.dir/compiler_depend.internal".
Dependencies file "src/wallet/CMakeFiles/bitcoin_wallet.dir/interfaces.cpp.obj.d" is newer than depends file "/home/gg/elarvon/elarvon-core/build-win64/src/wallet/CMakeFiles/bitcoin_wallet.dir/compiler_depend.internal".
Dependencies file "src/wallet/CMakeFiles/bitcoin_wallet.dir/load.cpp.obj.d" is newer than depends file "/home/gg/elarvon/elarvon-core/build-win64/src/wallet/CMakeFiles/bitcoin_wallet.dir/compiler_depend.internal".
Dependencies file "src/wallet/CMakeFiles/bitcoin_wallet.dir/migrate.cpp.obj.d" is newer than depends file "/home/gg/elarvon/elarvon-core/build-win64/src/wallet/CMakeFiles/bitcoin_wallet.dir/compiler_depend.internal".
Dependencies file "src/wallet/CMakeFiles/bitcoin_wallet.dir/receive.cpp.obj.d" is newer than depends file "/home/gg/elarvon/elarvon-core/build-win64/src/wallet/CMakeFiles/bitcoin_wallet.dir/compiler_depend.internal".
Dependencies file "src/wallet/CMakeFiles/bitcoin_wallet.dir/rpc/addresses.cpp.obj.d" is newer than depends file "/home/gg/elarvon/elarvon-core/build-win64/src/wallet/CMakeFiles/bitcoin_wallet.dir/compiler_depend.internal".
Dependencies file "src/wallet/CMakeFiles/bitcoin_wallet.dir/rpc/backup.cpp.obj.d" is newer than depends file "/home/gg/elarvon/elarvon-core/build-win64/src/wallet/CMakeFiles/bitcoin_wallet.dir/compiler_depend.internal".
Dependencies file "src/wallet/CMakeFiles/bitcoin_wallet.dir/rpc/coins.cpp.obj.d" is newer than depends file "/home/gg/elarvon/elarvon-core/build-win64/src/wallet/CMakeFiles/bitcoin_wallet.dir/compiler_depend.internal".
Dependencies file "src/wallet/CMakeFiles/bitcoin_wallet.dir/rpc/encrypt.cpp.obj.d" is newer than depends file "/home/gg/elarvon/elarvon-core/build-win64/src/wallet/CMakeFiles/bitcoin_wallet.dir/compiler_depend.internal".
Dependencies file "src/wallet/CMakeFiles/bitcoin_wallet.dir/rpc/signmessage.cpp.obj.d" is newer than depends file "/home/gg/elarvon/elarvon-core/build-win64/src/wallet/CMakeFiles/bitcoin_wallet.dir/compiler_depend.internal".
Dependencies file "src/wallet/CMakeFiles/bitcoin_wallet.dir/rpc/spend.cpp.obj.d" is newer than depends file "/home/gg/elarvon/elarvon-core/build-win64/src/wallet/CMakeFiles/bitcoin_wallet.dir/compiler_depend.internal".
Dependencies file "src/wallet/CMakeFiles/bitcoin_wallet.dir/rpc/transactions.cpp.obj.d" is newer than depends file "/home/gg/elarvon/elarvon-core/build-win64/src/wallet/CMakeFiles/bitcoin_wallet.dir/compiler_depend.internal".
Dependencies file "src/wallet/CMakeFiles/bitcoin_wallet.dir/rpc/util.cpp.obj.d" is newer than depends file "/home/gg/elarvon/elarvon-core/build-win64/src/wallet/CMakeFiles/bitcoin_wallet.dir/compiler_depend.internal".
Dependencies file "src/wallet/CMakeFiles/bitcoin_wallet.dir/rpc/wallet.cpp.obj.d" is newer than depends file "/home/gg/elarvon/elarvon-core/build-win64/src/wallet/CMakeFiles/bitcoin_wallet.dir/compiler_depend.internal".
Dependencies file "src/wallet/CMakeFiles/bitcoin_wallet.dir/scriptpubkeyman.cpp.obj.d" is newer than depends file "/home/gg/elarvon/elarvon-core/build-win64/src/wallet/CMakeFiles/bitcoin_wallet.dir/compiler_depend.internal".
Dependencies file "src/wallet/CMakeFiles/bitcoin_wallet.dir/spend.cpp.obj.d" is newer than depends file "/home/gg/elarvon/elarvon-core/build-win64/src/wallet/CMakeFiles/bitcoin_wallet.dir/compiler_depend.internal".
Dependencies file "src/wallet/CMakeFiles/bitcoin_wallet.dir/sqlite.cpp.obj.d" is newer than depends file "/home/gg/elarvon/elarvon-core/build-win64/src/wallet/CMakeFiles/bitcoin_wallet.dir/compiler_depend.internal".
Dependencies file "src/wallet/CMakeFiles/bitcoin_wallet.dir/transaction.cpp.obj.d" is newer than depends file "/home/gg/elarvon/elarvon-core/build-win64/src/wallet/CMakeFiles/bitcoin_wallet.dir/compiler_depend.internal".
Dependencies file "src/wallet/CMakeFiles/bitcoin_wallet.dir/wallet.cpp.obj.d" is newer than depends file "/home/gg/elarvon/elarvon-core/build-win64/src/wallet/CMakeFiles/bitcoin_wallet.dir/compiler_depend.internal".
Dependencies file "src/wallet/CMakeFiles/bitcoin_wallet.dir/walletdb.cpp.obj.d" is newer than depends file "/home/gg/elarvon/elarvon-core/build-win64/src/wallet/CMakeFiles/bitcoin_wallet.dir/compiler_depend.internal".
Dependencies file "src/wallet/CMakeFiles/bitcoin_wallet.dir/walletutil.cpp.obj.d" is newer than depends file "/home/gg/elarvon/elarvon-core/build-win64/src/wallet/CMakeFiles/bitcoin_wallet.dir/compiler_depend.internal".
Consolidate compiler generated dependencies of target bitcoin_wallet
gmake[3]: Leaving directory '/home/gg/elarvon/elarvon-core/build-win64'
/bin/gmake  -f src/wallet/CMakeFiles/bitcoin_wallet.dir/build.make src/wallet/CMakeFiles/bitcoin_wallet.dir/build
gmake[3]: Entering directory '/home/gg/elarvon/elarvon-core/build-win64'
gmake[3]: Nothing to be done for 'src/wallet/CMakeFiles/bitcoin_wallet.dir/build'.
gmake[3]: Leaving directory '/home/gg/elarvon/elarvon-core/build-win64'
[ 50%] Built target bitcoin_wallet
/bin/gmake  -f src/test/CMakeFiles/test_bitcoin.dir/build.make src/test/CMakeFiles/test_bitcoin.dir/depend
gmake[3]: Entering directory '/home/gg/elarvon/elarvon-core/build-win64'
cd /home/gg/elarvon/elarvon-core/build-win64 && /usr/bin/cmake -E cmake_depends "Unix Makefiles" /home/gg/elarvon/elarvon-core /home/gg/elarvon/elarvon-core/src/test /home/gg/elarvon/elarvon-core/build-win64 /home/gg/elarvon/elarvon-core/build-win64/src/test /home/gg/elarvon/elarvon-core/build-win64/src/test/CMakeFiles/test_bitcoin.dir/DependInfo.cmake "--color=" test_bitcoin
Dependencies file "src/test/CMakeFiles/test_bitcoin.dir/__/wallet/test/coinselection_tests.cpp.obj.d" is newer than depends file "/home/gg/elarvon/elarvon-core/build-win64/src/test/CMakeFiles/test_bitcoin.dir/compiler_depend.internal".
Dependencies file "src/test/CMakeFiles/test_bitcoin.dir/__/wallet/test/coinselector_tests.cpp.obj.d" is newer than depends file "/home/gg/elarvon/elarvon-core/build-win64/src/test/CMakeFiles/test_bitcoin.dir/compiler_depend.internal".
Dependencies file "src/test/CMakeFiles/test_bitcoin.dir/__/wallet/test/db_tests.cpp.obj.d" is newer than depends file "/home/gg/elarvon/elarvon-core/build-win64/src/test/CMakeFiles/test_bitcoin.dir/compiler_depend.internal".
Dependencies file "src/test/CMakeFiles/test_bitcoin.dir/__/wallet/test/feebumper_tests.cpp.obj.d" is newer than depends file "/home/gg/elarvon/elarvon-core/build-win64/src/test/CMakeFiles/test_bitcoin.dir/compiler_depend.internal".
Dependencies file "src/test/CMakeFiles/test_bitcoin.dir/__/wallet/test/group_outputs_tests.cpp.obj.d" is newer than depends file "/home/gg/elarvon/elarvon-core/build-win64/src/test/CMakeFiles/test_bitcoin.dir/compiler_depend.internal".
Dependencies file "src/test/CMakeFiles/test_bitcoin.dir/__/wallet/test/init_test_fixture.cpp.obj.d" is newer than depends file "/home/gg/elarvon/elarvon-core/build-win64/src/test/CMakeFiles/test_bitcoin.dir/compiler_depend.internal".
Dependencies file "src/test/CMakeFiles/test_bitcoin.dir/__/wallet/test/init_tests.cpp.obj.d" is newer than depends file "/home/gg/elarvon/elarvon-core/build-win64/src/test/CMakeFiles/test_bitcoin.dir/compiler_depend.internal".
Dependencies file "src/test/CMakeFiles/test_bitcoin.dir/__/wallet/test/ismine_tests.cpp.obj.d" is newer than depends file "/home/gg/elarvon/elarvon-core/build-win64/src/test/CMakeFiles/test_bitcoin.dir/compiler_depend.internal".
Dependencies file "src/test/CMakeFiles/test_bitcoin.dir/__/wallet/test/psbt_wallet_tests.cpp.obj.d" is newer than depends file "/home/gg/elarvon/elarvon-core/build-win64/src/test/CMakeFiles/test_bitcoin.dir/compiler_depend.internal".
Dependencies file "src/test/CMakeFiles/test_bitcoin.dir/__/wallet/test/scriptpubkeyman_tests.cpp.obj.d" is newer than depends file "/home/gg/elarvon/elarvon-core/build-win64/src/test/CMakeFiles/test_bitcoin.dir/compiler_depend.internal".
Dependencies file "src/test/CMakeFiles/test_bitcoin.dir/__/wallet/test/spend_tests.cpp.obj.d" is newer than depends file "/home/gg/elarvon/elarvon-core/build-win64/src/test/CMakeFiles/test_bitcoin.dir/compiler_depend.internal".
Dependencies file "src/test/CMakeFiles/test_bitcoin.dir/__/wallet/test/wallet_crypto_tests.cpp.obj.d" is newer than depends file "/home/gg/elarvon/elarvon-core/build-win64/src/test/CMakeFiles/test_bitcoin.dir/compiler_depend.internal".
Dependencies file "src/test/CMakeFiles/test_bitcoin.dir/__/wallet/test/wallet_rpc_tests.cpp.obj.d" is newer than depends file "/home/gg/elarvon/elarvon-core/build-win64/src/test/CMakeFiles/test_bitcoin.dir/compiler_depend.internal".
Dependencies file "src/test/CMakeFiles/test_bitcoin.dir/__/wallet/test/wallet_test_fixture.cpp.obj.d" is newer than depends file "/home/gg/elarvon/elarvon-core/build-win64/src/test/CMakeFiles/test_bitcoin.dir/compiler_depend.internal".
Dependencies file "src/test/CMakeFiles/test_bitcoin.dir/__/wallet/test/wallet_tests.cpp.obj.d" is newer than depends file "/home/gg/elarvon/elarvon-core/build-win64/src/test/CMakeFiles/test_bitcoin.dir/compiler_depend.internal".
Dependencies file "src/test/CMakeFiles/test_bitcoin.dir/__/wallet/test/wallet_transaction_tests.cpp.obj.d" is newer than depends file "/home/gg/elarvon/elarvon-core/build-win64/src/test/CMakeFiles/test_bitcoin.dir/compiler_depend.internal".
Dependencies file "src/test/CMakeFiles/test_bitcoin.dir/__/wallet/test/walletdb_tests.cpp.obj.d" is newer than depends file "/home/gg/elarvon/elarvon-core/build-win64/src/test/CMakeFiles/test_bitcoin.dir/compiler_depend.internal".
Dependencies file "src/test/CMakeFiles/test_bitcoin.dir/__/wallet/test/walletload_tests.cpp.obj.d" is newer than depends file "/home/gg/elarvon/elarvon-core/build-win64/src/test/CMakeFiles/test_bitcoin.dir/compiler_depend.internal".
Dependencies file "src/test/CMakeFiles/test_bitcoin.dir/addrman_tests.cpp.obj.d" is newer than depends file "/home/gg/elarvon/elarvon-core/build-win64/src/test/CMakeFiles/test_bitcoin.dir/compiler_depend.internal".
Dependencies file "src/test/CMakeFiles/test_bitcoin.dir/allocator_tests.cpp.obj.d" is newer than depends file "/home/gg/elarvon/elarvon-core/build-win64/src/test/CMakeFiles/test_bitcoin.dir/compiler_depend.internal".
Dependencies file "src/test/CMakeFiles/test_bitcoin.dir/amount_tests.cpp.obj.d" is newer than depends file "/home/gg/elarvon/elarvon-core/build-win64/src/test/CMakeFiles/test_bitcoin.dir/compiler_depend.internal".
Dependencies file "src/test/CMakeFiles/test_bitcoin.dir/argsman_tests.cpp.obj.d" is newer than depends file "/home/gg/elarvon/elarvon-core/build-win64/src/test/CMakeFiles/test_bitcoin.dir/compiler_depend.internal".
Dependencies file "src/test/CMakeFiles/test_bitcoin.dir/arith_uint256_tests.cpp.obj.d" is newer than depends file "/home/gg/elarvon/elarvon-core/build-win64/src/test/CMakeFiles/test_bitcoin.dir/compiler_depend.internal".
Dependencies file "src/test/CMakeFiles/test_bitcoin.dir/banman_tests.cpp.obj.d" is newer than depends file "/home/gg/elarvon/elarvon-core/build-win64/src/test/CMakeFiles/test_bitcoin.dir/compiler_depend.internal".
Dependencies file "src/test/CMakeFiles/test_bitcoin.dir/base32_tests.cpp.obj.d" is newer than depends file "/home/gg/elarvon/elarvon-core/build-win64/src/test/CMakeFiles/test_bitcoin.dir/compiler_depend.internal".
Dependencies file "src/test/CMakeFiles/test_bitcoin.dir/base58_tests.cpp.obj.d" is newer than depends file "/home/gg/elarvon/elarvon-core/build-win64/src/test/CMakeFiles/test_bitcoin.dir/compiler_depend.internal".
Dependencies file "src/test/CMakeFiles/test_bitcoin.dir/base64_tests.cpp.obj.d" is newer than depends file "/home/gg/elarvon/elarvon-core/build-win64/src/test/CMakeFiles/test_bitcoin.dir/compiler_depend.internal".
Dependencies file "src/test/CMakeFiles/test_bitcoin.dir/bech32_tests.cpp.obj.d" is newer than depends file "/home/gg/elarvon/elarvon-core/build-win64/src/test/CMakeFiles/test_bitcoin.dir/compiler_depend.internal".
Dependencies file "src/test/CMakeFiles/test_bitcoin.dir/bip324_tests.cpp.obj.d" is newer than depends file "/home/gg/elarvon/elarvon-core/build-win64/src/test/CMakeFiles/test_bitcoin.dir/compiler_depend.internal".
Dependencies file "src/test/CMakeFiles/test_bitcoin.dir/bip328_tests.cpp.obj.d" is newer than depends file "/home/gg/elarvon/elarvon-core/build-win64/src/test/CMakeFiles/test_bitcoin.dir/compiler_depend.internal".
Dependencies file "src/test/CMakeFiles/test_bitcoin.dir/bip32_tests.cpp.obj.d" is newer than depends file "/home/gg/elarvon/elarvon-core/build-win64/src/test/CMakeFiles/test_bitcoin.dir/compiler_depend.internal".
Dependencies file "src/test/CMakeFiles/test_bitcoin.dir/blockchain_tests.cpp.obj.d" is newer than depends file "/home/gg/elarvon/elarvon-core/build-win64/src/test/CMakeFiles/test_bitcoin.dir/compiler_depend.internal".
Dependencies file "src/test/CMakeFiles/test_bitcoin.dir/blockencodings_tests.cpp.obj.d" is newer than depends file "/home/gg/elarvon/elarvon-core/build-win64/src/test/CMakeFiles/test_bitcoin.dir/compiler_depend.internal".
Dependencies file "src/test/CMakeFiles/test_bitcoin.dir/blockfilter_index_tests.cpp.obj.d" is newer than depends file "/home/gg/elarvon/elarvon-core/build-win64/src/test/CMakeFiles/test_bitcoin.dir/compiler_depend.internal".
Dependencies file "src/test/CMakeFiles/test_bitcoin.dir/blockfilter_tests.cpp.obj.d" is newer than depends file "/home/gg/elarvon/elarvon-core/build-win64/src/test/CMakeFiles/test_bitcoin.dir/compiler_depend.internal".
Dependencies file "src/test/CMakeFiles/test_bitcoin.dir/blockmanager_tests.cpp.obj.d" is newer than depends file "/home/gg/elarvon/elarvon-core/build-win64/src/test/CMakeFiles/test_bitcoin.dir/compiler_depend.internal".
Dependencies file "src/test/CMakeFiles/test_bitcoin.dir/bloom_tests.cpp.obj.d" is newer than depends file "/home/gg/elarvon/elarvon-core/build-win64/src/test/CMakeFiles/test_bitcoin.dir/compiler_depend.internal".
Dependencies file "src/test/CMakeFiles/test_bitcoin.dir/bswap_tests.cpp.obj.d" is newer than depends file "/home/gg/elarvon/elarvon-core/build-win64/src/test/CMakeFiles/test_bitcoin.dir/compiler_depend.internal".
Dependencies file "src/test/CMakeFiles/test_bitcoin.dir/caches_tests.cpp.obj.d" is newer than depends file "/home/gg/elarvon/elarvon-core/build-win64/src/test/CMakeFiles/test_bitcoin.dir/compiler_depend.internal".
Dependencies file "src/test/CMakeFiles/test_bitcoin.dir/chain_tests.cpp.obj.d" is newer than depends file "/home/gg/elarvon/elarvon-core/build-win64/src/test/CMakeFiles/test_bitcoin.dir/compiler_depend.internal".
Dependencies file "src/test/CMakeFiles/test_bitcoin.dir/chainstate_write_tests.cpp.obj.d" is newer than depends file "/home/gg/elarvon/elarvon-core/build-win64/src/test/CMakeFiles/test_bitcoin.dir/compiler_depend.internal".
Dependencies file "src/test/CMakeFiles/test_bitcoin.dir/checkqueue_tests.cpp.obj.d" is newer than depends file "/home/gg/elarvon/elarvon-core/build-win64/src/test/CMakeFiles/test_bitcoin.dir/compiler_depend.internal".
Dependencies file "src/test/CMakeFiles/test_bitcoin.dir/cluster_linearize_tests.cpp.obj.d" is newer than depends file "/home/gg/elarvon/elarvon-core/build-win64/src/test/CMakeFiles/test_bitcoin.dir/compiler_depend.internal".
Dependencies file "src/test/CMakeFiles/test_bitcoin.dir/coins_tests.cpp.obj.d" is newer than depends file "/home/gg/elarvon/elarvon-core/build-win64/src/test/CMakeFiles/test_bitcoin.dir/compiler_depend.internal".
Dependencies file "src/test/CMakeFiles/test_bitcoin.dir/coinscachepair_tests.cpp.obj.d" is newer than depends file "/home/gg/elarvon/elarvon-core/build-win64/src/test/CMakeFiles/test_bitcoin.dir/compiler_depend.internal".
Dependencies file "src/test/CMakeFiles/test_bitcoin.dir/coinstatsindex_tests.cpp.obj.d" is newer than depends file "/home/gg/elarvon/elarvon-core/build-win64/src/test/CMakeFiles/test_bitcoin.dir/compiler_depend.internal".
Dependencies file "src/test/CMakeFiles/test_bitcoin.dir/coinsviewoverlay_tests.cpp.obj.d" is newer than depends file "/home/gg/elarvon/elarvon-core/build-win64/src/test/CMakeFiles/test_bitcoin.dir/compiler_depend.internal".
Dependencies file "src/test/CMakeFiles/test_bitcoin.dir/common_url_tests.cpp.obj.d" is newer than depends file "/home/gg/elarvon/elarvon-core/build-win64/src/test/CMakeFiles/test_bitcoin.dir/compiler_depend.internal".
Dependencies file "src/test/CMakeFiles/test_bitcoin.dir/compress_tests.cpp.obj.d" is newer than depends file "/home/gg/elarvon/elarvon-core/build-win64/src/test/CMakeFiles/test_bitcoin.dir/compiler_depend.internal".
Dependencies file "src/test/CMakeFiles/test_bitcoin.dir/crypto_tests.cpp.obj.d" is newer than depends file "/home/gg/elarvon/elarvon-core/build-win64/src/test/CMakeFiles/test_bitcoin.dir/compiler_depend.internal".
Dependencies file "src/test/CMakeFiles/test_bitcoin.dir/cuckoocache_tests.cpp.obj.d" is newer than depends file "/home/gg/elarvon/elarvon-core/build-win64/src/test/CMakeFiles/test_bitcoin.dir/compiler_depend.internal".
Dependencies file "src/test/CMakeFiles/test_bitcoin.dir/dbwrapper_tests.cpp.obj.d" is newer than depends file "/home/gg/elarvon/elarvon-core/build-win64/src/test/CMakeFiles/test_bitcoin.dir/compiler_depend.internal".
Dependencies file "src/test/CMakeFiles/test_bitcoin.dir/denialofservice_tests.cpp.obj.d" is newer than depends file "/home/gg/elarvon/elarvon-core/build-win64/src/test/CMakeFiles/test_bitcoin.dir/compiler_depend.internal".
Dependencies file "src/test/CMakeFiles/test_bitcoin.dir/descriptor_tests.cpp.obj.d" is newer than depends file "/home/gg/elarvon/elarvon-core/build-win64/src/test/CMakeFiles/test_bitcoin.dir/compiler_depend.internal".
Dependencies file "src/test/CMakeFiles/test_bitcoin.dir/disconnected_transactions.cpp.obj.d" is newer than depends file "/home/gg/elarvon/elarvon-core/build-win64/src/test/CMakeFiles/test_bitcoin.dir/compiler_depend.internal".
Dependencies file "src/test/CMakeFiles/test_bitcoin.dir/feefrac_tests.cpp.obj.d" is newer than depends file "/home/gg/elarvon/elarvon-core/build-win64/src/test/CMakeFiles/test_bitcoin.dir/compiler_depend.internal".
Dependencies file "src/test/CMakeFiles/test_bitcoin.dir/feerounder_tests.cpp.obj.d" is newer than depends file "/home/gg/elarvon/elarvon-core/build-win64/src/test/CMakeFiles/test_bitcoin.dir/compiler_depend.internal".
Dependencies file "src/test/CMakeFiles/test_bitcoin.dir/flatfile_tests.cpp.obj.d" is newer than depends file "/home/gg/elarvon/elarvon-core/build-win64/src/test/CMakeFiles/test_bitcoin.dir/compiler_depend.internal".
Dependencies file "src/test/CMakeFiles/test_bitcoin.dir/fs_tests.cpp.obj.d" is newer than depends file "/home/gg/elarvon/elarvon-core/build-win64/src/test/CMakeFiles/test_bitcoin.dir/compiler_depend.internal".
Dependencies file "src/test/CMakeFiles/test_bitcoin.dir/getarg_tests.cpp.obj.d" is newer than depends file "/home/gg/elarvon/elarvon-core/build-win64/src/test/CMakeFiles/test_bitcoin.dir/compiler_depend.internal".
Dependencies file "src/test/CMakeFiles/test_bitcoin.dir/hash_tests.cpp.obj.d" is newer than depends file "/home/gg/elarvon/elarvon-core/build-win64/src/test/CMakeFiles/test_bitcoin.dir/compiler_depend.internal".
Dependencies file "src/test/CMakeFiles/test_bitcoin.dir/headers_sync_chainwork_tests.cpp.obj.d" is newer than depends file "/home/gg/elarvon/elarvon-core/build-win64/src/test/CMakeFiles/test_bitcoin.dir/compiler_depend.internal".
Dependencies file "src/test/CMakeFiles/test_bitcoin.dir/httpserver_tests.cpp.obj.d" is newer than depends file "/home/gg/elarvon/elarvon-core/build-win64/src/test/CMakeFiles/test_bitcoin.dir/compiler_depend.internal".
Dependencies file "src/test/CMakeFiles/test_bitcoin.dir/i2p_tests.cpp.obj.d" is newer than depends file "/home/gg/elarvon/elarvon-core/build-win64/src/test/CMakeFiles/test_bitcoin.dir/compiler_depend.internal".
Dependencies file "src/test/CMakeFiles/test_bitcoin.dir/interfaces_tests.cpp.obj.d" is newer than depends file "/home/gg/elarvon/elarvon-core/build-win64/src/test/CMakeFiles/test_bitcoin.dir/compiler_depend.internal".
Dependencies file "src/test/CMakeFiles/test_bitcoin.dir/key_io_tests.cpp.obj.d" is newer than depends file "/home/gg/elarvon/elarvon-core/build-win64/src/test/CMakeFiles/test_bitcoin.dir/compiler_depend.internal".
Dependencies file "src/test/CMakeFiles/test_bitcoin.dir/key_tests.cpp.obj.d" is newer than depends file "/home/gg/elarvon/elarvon-core/build-win64/src/test/CMakeFiles/test_bitcoin.dir/compiler_depend.internal".
Dependencies file "src/test/CMakeFiles/test_bitcoin.dir/logging_tests.cpp.obj.d" is newer than depends file "/home/gg/elarvon/elarvon-core/build-win64/src/test/CMakeFiles/test_bitcoin.dir/compiler_depend.internal".
Dependencies file "src/test/CMakeFiles/test_bitcoin.dir/main.cpp.obj.d" is newer than depends file "/home/gg/elarvon/elarvon-core/build-win64/src/test/CMakeFiles/test_bitcoin.dir/compiler_depend.internal".
Dependencies file "src/test/CMakeFiles/test_bitcoin.dir/mempool_tests.cpp.obj.d" is newer than depends file "/home/gg/elarvon/elarvon-core/build-win64/src/test/CMakeFiles/test_bitcoin.dir/compiler_depend.internal".
Dependencies file "src/test/CMakeFiles/test_bitcoin.dir/merkle_tests.cpp.obj.d" is newer than depends file "/home/gg/elarvon/elarvon-core/build-win64/src/test/CMakeFiles/test_bitcoin.dir/compiler_depend.internal".
Dependencies file "src/test/CMakeFiles/test_bitcoin.dir/merkleblock_tests.cpp.obj.d" is newer than depends file "/home/gg/elarvon/elarvon-core/build-win64/src/test/CMakeFiles/test_bitcoin.dir/compiler_depend.internal".
Dependencies file "src/test/CMakeFiles/test_bitcoin.dir/miner_tests.cpp.obj.d" is newer than depends file "/home/gg/elarvon/elarvon-core/build-win64/src/test/CMakeFiles/test_bitcoin.dir/compiler_depend.internal".
Dependencies file "src/test/CMakeFiles/test_bitcoin.dir/miniminer_tests.cpp.obj.d" is newer than depends file "/home/gg/elarvon/elarvon-core/build-win64/src/test/CMakeFiles/test_bitcoin.dir/compiler_depend.internal".
Dependencies file "src/test/CMakeFiles/test_bitcoin.dir/miniscript_tests.cpp.obj.d" is newer than depends file "/home/gg/elarvon/elarvon-core/build-win64/src/test/CMakeFiles/test_bitcoin.dir/compiler_depend.internal".
Dependencies file "src/test/CMakeFiles/test_bitcoin.dir/minisketch_tests.cpp.obj.d" is newer than depends file "/home/gg/elarvon/elarvon-core/build-win64/src/test/CMakeFiles/test_bitcoin.dir/compiler_depend.internal".
Dependencies file "src/test/CMakeFiles/test_bitcoin.dir/mock_process.cpp.obj.d" is newer than depends file "/home/gg/elarvon/elarvon-core/build-win64/src/test/CMakeFiles/test_bitcoin.dir/compiler_depend.internal".
Dependencies file "src/test/CMakeFiles/test_bitcoin.dir/multisig_tests.cpp.obj.d" is newer than depends file "/home/gg/elarvon/elarvon-core/build-win64/src/test/CMakeFiles/test_bitcoin.dir/compiler_depend.internal".
Dependencies file "src/test/CMakeFiles/test_bitcoin.dir/net_peer_connection_tests.cpp.obj.d" is newer than depends file "/home/gg/elarvon/elarvon-core/build-win64/src/test/CMakeFiles/test_bitcoin.dir/compiler_depend.internal".
Dependencies file "src/test/CMakeFiles/test_bitcoin.dir/net_peer_eviction_tests.cpp.obj.d" is newer than depends file "/home/gg/elarvon/elarvon-core/build-win64/src/test/CMakeFiles/test_bitcoin.dir/compiler_depend.internal".
Dependencies file "src/test/CMakeFiles/test_bitcoin.dir/net_tests.cpp.obj.d" is newer than depends file "/home/gg/elarvon/elarvon-core/build-win64/src/test/CMakeFiles/test_bitcoin.dir/compiler_depend.internal".
Dependencies file "src/test/CMakeFiles/test_bitcoin.dir/netbase_tests.cpp.obj.d" is newer than depends file "/home/gg/elarvon/elarvon-core/build-win64/src/test/CMakeFiles/test_bitcoin.dir/compiler_depend.internal".
Dependencies file "src/test/CMakeFiles/test_bitcoin.dir/node_init_tests.cpp.obj.d" is newer than depends file "/home/gg/elarvon/elarvon-core/build-win64/src/test/CMakeFiles/test_bitcoin.dir/compiler_depend.internal".
Dependencies file "src/test/CMakeFiles/test_bitcoin.dir/node_warnings_tests.cpp.obj.d" is newer than depends file "/home/gg/elarvon/elarvon-core/build-win64/src/test/CMakeFiles/test_bitcoin.dir/compiler_depend.internal".
Dependencies file "src/test/CMakeFiles/test_bitcoin.dir/orphanage_tests.cpp.obj.d" is newer than depends file "/home/gg/elarvon/elarvon-core/build-win64/src/test/CMakeFiles/test_bitcoin.dir/compiler_depend.internal".
Dependencies file "src/test/CMakeFiles/test_bitcoin.dir/pcp_tests.cpp.obj.d" is newer than depends file "/home/gg/elarvon/elarvon-core/build-win64/src/test/CMakeFiles/test_bitcoin.dir/compiler_depend.internal".
Dependencies file "src/test/CMakeFiles/test_bitcoin.dir/peerman_tests.cpp.obj.d" is newer than depends file "/home/gg/elarvon/elarvon-core/build-win64/src/test/CMakeFiles/test_bitcoin.dir/compiler_depend.internal".
Dependencies file "src/test/CMakeFiles/test_bitcoin.dir/pmt_tests.cpp.obj.d" is newer than depends file "/home/gg/elarvon/elarvon-core/build-win64/src/test/CMakeFiles/test_bitcoin.dir/compiler_depend.internal".
Dependencies file "src/test/CMakeFiles/test_bitcoin.dir/policyestimator_tests.cpp.obj.d" is newer than depends file "/home/gg/elarvon/elarvon-core/build-win64/src/test/CMakeFiles/test_bitcoin.dir/compiler_depend.internal".
Dependencies file "src/test/CMakeFiles/test_bitcoin.dir/pool_tests.cpp.obj.d" is newer than depends file "/home/gg/elarvon/elarvon-core/build-win64/src/test/CMakeFiles/test_bitcoin.dir/compiler_depend.internal".
Dependencies file "src/test/CMakeFiles/test_bitcoin.dir/pow_tests.cpp.obj.d" is newer than depends file "/home/gg/elarvon/elarvon-core/build-win64/src/test/CMakeFiles/test_bitcoin.dir/compiler_depend.internal".
Dependencies file "src/test/CMakeFiles/test_bitcoin.dir/prevector_tests.cpp.obj.d" is newer than depends file "/home/gg/elarvon/elarvon-core/build-win64/src/test/CMakeFiles/test_bitcoin.dir/compiler_depend.internal".
Dependencies file "src/test/CMakeFiles/test_bitcoin.dir/private_broadcast_tests.cpp.obj.d" is newer than depends file "/home/gg/elarvon/elarvon-core/build-win64/src/test/CMakeFiles/test_bitcoin.dir/compiler_depend.internal".
Dependencies file "src/test/CMakeFiles/test_bitcoin.dir/raii_event_tests.cpp.obj.d" is newer than depends file "/home/gg/elarvon/elarvon-core/build-win64/src/test/CMakeFiles/test_bitcoin.dir/compiler_depend.internal".
Dependencies file "src/test/CMakeFiles/test_bitcoin.dir/random_tests.cpp.obj.d" is newer than depends file "/home/gg/elarvon/elarvon-core/build-win64/src/test/CMakeFiles/test_bitcoin.dir/compiler_depend.internal".
Dependencies file "src/test/CMakeFiles/test_bitcoin.dir/rbf_tests.cpp.obj.d" is newer than depends file "/home/gg/elarvon/elarvon-core/build-win64/src/test/CMakeFiles/test_bitcoin.dir/compiler_depend.internal".
Dependencies file "src/test/CMakeFiles/test_bitcoin.dir/rest_tests.cpp.obj.d" is newer than depends file "/home/gg/elarvon/elarvon-core/build-win64/src/test/CMakeFiles/test_bitcoin.dir/compiler_depend.internal".
Dependencies file "src/test/CMakeFiles/test_bitcoin.dir/result_tests.cpp.obj.d" is newer than depends file "/home/gg/elarvon/elarvon-core/build-win64/src/test/CMakeFiles/test_bitcoin.dir/compiler_depend.internal".
Dependencies file "src/test/CMakeFiles/test_bitcoin.dir/reverselock_tests.cpp.obj.d" is newer than depends file "/home/gg/elarvon/elarvon-core/build-win64/src/test/CMakeFiles/test_bitcoin.dir/compiler_depend.internal".
Dependencies file "src/test/CMakeFiles/test_bitcoin.dir/rpc_tests.cpp.obj.d" is newer than depends file "/home/gg/elarvon/elarvon-core/build-win64/src/test/CMakeFiles/test_bitcoin.dir/compiler_depend.internal".
Dependencies file "src/test/CMakeFiles/test_bitcoin.dir/sanity_tests.cpp.obj.d" is newer than depends file "/home/gg/elarvon/elarvon-core/build-win64/src/test/CMakeFiles/test_bitcoin.dir/compiler_depend.internal".
Dependencies file "src/test/CMakeFiles/test_bitcoin.dir/scheduler_tests.cpp.obj.d" is newer than depends file "/home/gg/elarvon/elarvon-core/build-win64/src/test/CMakeFiles/test_bitcoin.dir/compiler_depend.internal".
Dependencies file "src/test/CMakeFiles/test_bitcoin.dir/script_assets_tests.cpp.obj.d" is newer than depends file "/home/gg/elarvon/elarvon-core/build-win64/src/test/CMakeFiles/test_bitcoin.dir/compiler_depend.internal".
Dependencies file "src/test/CMakeFiles/test_bitcoin.dir/script_p2sh_tests.cpp.obj.d" is newer than depends file "/home/gg/elarvon/elarvon-core/build-win64/src/test/CMakeFiles/test_bitcoin.dir/compiler_depend.internal".
Dependencies file "src/test/CMakeFiles/test_bitcoin.dir/script_parse_tests.cpp.obj.d" is newer than depends file "/home/gg/elarvon/elarvon-core/build-win64/src/test/CMakeFiles/test_bitcoin.dir/compiler_depend.internal".
Dependencies file "src/test/CMakeFiles/test_bitcoin.dir/script_segwit_tests.cpp.obj.d" is newer than depends file "/home/gg/elarvon/elarvon-core/build-win64/src/test/CMakeFiles/test_bitcoin.dir/compiler_depend.internal".
Dependencies file "src/test/CMakeFiles/test_bitcoin.dir/script_standard_tests.cpp.obj.d" is newer than depends file "/home/gg/elarvon/elarvon-core/build-win64/src/test/CMakeFiles/test_bitcoin.dir/compiler_depend.internal".
Dependencies file "src/test/CMakeFiles/test_bitcoin.dir/script_tests.cpp.obj.d" is newer than depends file "/home/gg/elarvon/elarvon-core/build-win64/src/test/CMakeFiles/test_bitcoin.dir/compiler_depend.internal".
Dependencies file "src/test/CMakeFiles/test_bitcoin.dir/scriptnum_tests.cpp.obj.d" is newer than depends file "/home/gg/elarvon/elarvon-core/build-win64/src/test/CMakeFiles/test_bitcoin.dir/compiler_depend.internal".
Dependencies file "src/test/CMakeFiles/test_bitcoin.dir/serfloat_tests.cpp.obj.d" is newer than depends file "/home/gg/elarvon/elarvon-core/build-win64/src/test/CMakeFiles/test_bitcoin.dir/compiler_depend.internal".
Dependencies file "src/test/CMakeFiles/test_bitcoin.dir/serialize_tests.cpp.obj.d" is newer than depends file "/home/gg/elarvon/elarvon-core/build-win64/src/test/CMakeFiles/test_bitcoin.dir/compiler_depend.internal".
Dependencies file "src/test/CMakeFiles/test_bitcoin.dir/settings_tests.cpp.obj.d" is newer than depends file "/home/gg/elarvon/elarvon-core/build-win64/src/test/CMakeFiles/test_bitcoin.dir/compiler_depend.internal".
Dependencies file "src/test/CMakeFiles/test_bitcoin.dir/sighash_tests.cpp.obj.d" is newer than depends file "/home/gg/elarvon/elarvon-core/build-win64/src/test/CMakeFiles/test_bitcoin.dir/compiler_depend.internal".
Dependencies file "src/test/CMakeFiles/test_bitcoin.dir/sigopcount_tests.cpp.obj.d" is newer than depends file "/home/gg/elarvon/elarvon-core/build-win64/src/test/CMakeFiles/test_bitcoin.dir/compiler_depend.internal".
Dependencies file "src/test/CMakeFiles/test_bitcoin.dir/skiplist_tests.cpp.obj.d" is newer than depends file "/home/gg/elarvon/elarvon-core/build-win64/src/test/CMakeFiles/test_bitcoin.dir/compiler_depend.internal".
Dependencies file "src/test/CMakeFiles/test_bitcoin.dir/sock_tests.cpp.obj.d" is newer than depends file "/home/gg/elarvon/elarvon-core/build-win64/src/test/CMakeFiles/test_bitcoin.dir/compiler_depend.internal".
Dependencies file "src/test/CMakeFiles/test_bitcoin.dir/span_tests.cpp.obj.d" is newer than depends file "/home/gg/elarvon/elarvon-core/build-win64/src/test/CMakeFiles/test_bitcoin.dir/compiler_depend.internal".
Dependencies file "src/test/CMakeFiles/test_bitcoin.dir/streams_tests.cpp.obj.d" is newer than depends file "/home/gg/elarvon/elarvon-core/build-win64/src/test/CMakeFiles/test_bitcoin.dir/compiler_depend.internal".
Dependencies file "src/test/CMakeFiles/test_bitcoin.dir/sync_tests.cpp.obj.d" is newer than depends file "/home/gg/elarvon/elarvon-core/build-win64/src/test/CMakeFiles/test_bitcoin.dir/compiler_depend.internal".
Dependencies file "src/test/CMakeFiles/test_bitcoin.dir/system_ram_tests.cpp.obj.d" is newer than depends file "/home/gg/elarvon/elarvon-core/build-win64/src/test/CMakeFiles/test_bitcoin.dir/compiler_depend.internal".
Dependencies file "src/test/CMakeFiles/test_bitcoin.dir/system_tests.cpp.obj.d" is newer than depends file "/home/gg/elarvon/elarvon-core/build-win64/src/test/CMakeFiles/test_bitcoin.dir/compiler_depend.internal".
Dependencies file "src/test/CMakeFiles/test_bitcoin.dir/testnet4_miner_tests.cpp.obj.d" is newer than depends file "/home/gg/elarvon/elarvon-core/build-win64/src/test/CMakeFiles/test_bitcoin.dir/compiler_depend.internal".
Dependencies file "src/test/CMakeFiles/test_bitcoin.dir/threadpool_tests.cpp.obj.d" is newer than depends file "/home/gg/elarvon/elarvon-core/build-win64/src/test/CMakeFiles/test_bitcoin.dir/compiler_depend.internal".
Dependencies file "src/test/CMakeFiles/test_bitcoin.dir/timeoffsets_tests.cpp.obj.d" is newer than depends file "/home/gg/elarvon/elarvon-core/build-win64/src/test/CMakeFiles/test_bitcoin.dir/compiler_depend.internal".
Dependencies file "src/test/CMakeFiles/test_bitcoin.dir/torcontrol_tests.cpp.obj.d" is newer than depends file "/home/gg/elarvon/elarvon-core/build-win64/src/test/CMakeFiles/test_bitcoin.dir/compiler_depend.internal".
Dependencies file "src/test/CMakeFiles/test_bitcoin.dir/transaction_tests.cpp.obj.d" is newer than depends file "/home/gg/elarvon/elarvon-core/build-win64/src/test/CMakeFiles/test_bitcoin.dir/compiler_depend.internal".
Dependencies file "src/test/CMakeFiles/test_bitcoin.dir/translation_tests.cpp.obj.d" is newer than depends file "/home/gg/elarvon/elarvon-core/build-win64/src/test/CMakeFiles/test_bitcoin.dir/compiler_depend.internal".
Dependencies file "src/test/CMakeFiles/test_bitcoin.dir/txdownload_tests.cpp.obj.d" is newer than depends file "/home/gg/elarvon/elarvon-core/build-win64/src/test/CMakeFiles/test_bitcoin.dir/compiler_depend.internal".
Dependencies file "src/test/CMakeFiles/test_bitcoin.dir/txgraph_tests.cpp.obj.d" is newer than depends file "/home/gg/elarvon/elarvon-core/build-win64/src/test/CMakeFiles/test_bitcoin.dir/compiler_depend.internal".
Dependencies file "src/test/CMakeFiles/test_bitcoin.dir/txindex_tests.cpp.obj.d" is newer than depends file "/home/gg/elarvon/elarvon-core/build-win64/src/test/CMakeFiles/test_bitcoin.dir/compiler_depend.internal".
Dependencies file "src/test/CMakeFiles/test_bitcoin.dir/txospenderindex_tests.cpp.obj.d" is newer than depends file "/home/gg/elarvon/elarvon-core/build-win64/src/test/CMakeFiles/test_bitcoin.dir/compiler_depend.internal".
Dependencies file "src/test/CMakeFiles/test_bitcoin.dir/txpackage_tests.cpp.obj.d" is newer than depends file "/home/gg/elarvon/elarvon-core/build-win64/src/test/CMakeFiles/test_bitcoin.dir/compiler_depend.internal".
Dependencies file "src/test/CMakeFiles/test_bitcoin.dir/txreconciliation_tests.cpp.obj.d" is newer than depends file "/home/gg/elarvon/elarvon-core/build-win64/src/test/CMakeFiles/test_bitcoin.dir/compiler_depend.internal".
Dependencies file "src/test/CMakeFiles/test_bitcoin.dir/txrequest_tests.cpp.obj.d" is newer than depends file "/home/gg/elarvon/elarvon-core/build-win64/src/test/CMakeFiles/test_bitcoin.dir/compiler_depend.internal".
Dependencies file "src/test/CMakeFiles/test_bitcoin.dir/txvalidation_tests.cpp.obj.d" is newer than depends file "/home/gg/elarvon/elarvon-core/build-win64/src/test/CMakeFiles/test_bitcoin.dir/compiler_depend.internal".
Dependencies file "src/test/CMakeFiles/test_bitcoin.dir/txvalidationcache_tests.cpp.obj.d" is newer than depends file "/home/gg/elarvon/elarvon-core/build-win64/src/test/CMakeFiles/test_bitcoin.dir/compiler_depend.internal".
Dependencies file "src/test/CMakeFiles/test_bitcoin.dir/uint256_tests.cpp.obj.d" is newer than depends file "/home/gg/elarvon/elarvon-core/build-win64/src/test/CMakeFiles/test_bitcoin.dir/compiler_depend.internal".
Dependencies file "src/test/CMakeFiles/test_bitcoin.dir/util_check_tests.cpp.obj.d" is newer than depends file "/home/gg/elarvon/elarvon-core/build-win64/src/test/CMakeFiles/test_bitcoin.dir/compiler_depend.internal".
Dependencies file "src/test/CMakeFiles/test_bitcoin.dir/util_expected_tests.cpp.obj.d" is newer than depends file "/home/gg/elarvon/elarvon-core/build-win64/src/test/CMakeFiles/test_bitcoin.dir/compiler_depend.internal".
Dependencies file "src/test/CMakeFiles/test_bitcoin.dir/util_string_tests.cpp.obj.d" is newer than depends file "/home/gg/elarvon/elarvon-core/build-win64/src/test/CMakeFiles/test_bitcoin.dir/compiler_depend.internal".
Dependencies file "src/test/CMakeFiles/test_bitcoin.dir/util_tests.cpp.obj.d" is newer than depends file "/home/gg/elarvon/elarvon-core/build-win64/src/test/CMakeFiles/test_bitcoin.dir/compiler_depend.internal".
Dependencies file "src/test/CMakeFiles/test_bitcoin.dir/util_threadnames_tests.cpp.obj.d" is newer than depends file "/home/gg/elarvon/elarvon-core/build-win64/src/test/CMakeFiles/test_bitcoin.dir/compiler_depend.internal".
Dependencies file "src/test/CMakeFiles/test_bitcoin.dir/util_trace_tests.cpp.obj.d" is newer than depends file "/home/gg/elarvon/elarvon-core/build-win64/src/test/CMakeFiles/test_bitcoin.dir/compiler_depend.internal".
Dependencies file "src/test/CMakeFiles/test_bitcoin.dir/validation_block_tests.cpp.obj.d" is newer than depends file "/home/gg/elarvon/elarvon-core/build-win64/src/test/CMakeFiles/test_bitcoin.dir/compiler_depend.internal".
Dependencies file "src/test/CMakeFiles/test_bitcoin.dir/validation_chainstate_tests.cpp.obj.d" is newer than depends file "/home/gg/elarvon/elarvon-core/build-win64/src/test/CMakeFiles/test_bitcoin.dir/compiler_depend.internal".
Dependencies file "src/test/CMakeFiles/test_bitcoin.dir/validation_chainstatemanager_tests.cpp.obj.d" is newer than depends file "/home/gg/elarvon/elarvon-core/build-win64/src/test/CMakeFiles/test_bitcoin.dir/compiler_depend.internal".
Dependencies file "src/test/CMakeFiles/test_bitcoin.dir/validation_flush_tests.cpp.obj.d" is newer than depends file "/home/gg/elarvon/elarvon-core/build-win64/src/test/CMakeFiles/test_bitcoin.dir/compiler_depend.internal".
Dependencies file "src/test/CMakeFiles/test_bitcoin.dir/validation_tests.cpp.obj.d" is newer than depends file "/home/gg/elarvon/elarvon-core/build-win64/src/test/CMakeFiles/test_bitcoin.dir/compiler_depend.internal".
Dependencies file "src/test/CMakeFiles/test_bitcoin.dir/validationinterface_tests.cpp.obj.d" is newer than depends file "/home/gg/elarvon/elarvon-core/build-win64/src/test/CMakeFiles/test_bitcoin.dir/compiler_depend.internal".
Dependencies file "src/test/CMakeFiles/test_bitcoin.dir/versionbits_tests.cpp.obj.d" is newer than depends file "/home/gg/elarvon/elarvon-core/build-win64/src/test/CMakeFiles/test_bitcoin.dir/compiler_depend.internal".
Consolidate compiler generated dependencies of target test_bitcoin
gmake[3]: Leaving directory '/home/gg/elarvon/elarvon-core/build-win64'
/bin/gmake  -f src/test/CMakeFiles/test_bitcoin.dir/build.make src/test/CMakeFiles/test_bitcoin.dir/build
gmake[3]: Entering directory '/home/gg/elarvon/elarvon-core/build-win64'
gmake[3]: Nothing to be done for 'src/test/CMakeFiles/test_bitcoin.dir/build'.
gmake[3]: Leaving directory '/home/gg/elarvon/elarvon-core/build-win64'
[ 73%] Built target test_bitcoin
/bin/gmake  -f src/CMakeFiles/bitcoin-wallet.dir/build.make src/CMakeFiles/bitcoin-wallet.dir/depend
gmake[3]: Entering directory '/home/gg/elarvon/elarvon-core/build-win64'
cd /home/gg/elarvon/elarvon-core/build-win64 && /usr/bin/cmake -E cmake_depends "Unix Makefiles" /home/gg/elarvon/elarvon-core /home/gg/elarvon/elarvon-core/src /home/gg/elarvon/elarvon-core/build-win64 /home/gg/elarvon/elarvon-core/build-win64/src /home/gg/elarvon/elarvon-core/build-win64/src/CMakeFiles/bitcoin-wallet.dir/DependInfo.cmake "--color=" bitcoin-wallet
Dependencies file "src/CMakeFiles/bitcoin-wallet.dir/bitcoin-wallet.cpp.obj.d" is newer than depends file "/home/gg/elarvon/elarvon-core/build-win64/src/CMakeFiles/bitcoin-wallet.dir/compiler_depend.internal".
Dependencies file "src/CMakeFiles/bitcoin-wallet.dir/init/bitcoin-wallet.cpp.obj.d" is newer than depends file "/home/gg/elarvon/elarvon-core/build-win64/src/CMakeFiles/bitcoin-wallet.dir/compiler_depend.internal".
Dependencies file "src/CMakeFiles/bitcoin-wallet.dir/wallet/wallettool.cpp.obj.d" is newer than depends file "/home/gg/elarvon/elarvon-core/build-win64/src/CMakeFiles/bitcoin-wallet.dir/compiler_depend.internal".
Consolidate compiler generated dependencies of target bitcoin-wallet
gmake[3]: Leaving directory '/home/gg/elarvon/elarvon-core/build-win64'
/bin/gmake  -f src/CMakeFiles/bitcoin-wallet.dir/build.make src/CMakeFiles/bitcoin-wallet.dir/build
gmake[3]: Entering directory '/home/gg/elarvon/elarvon-core/build-win64'
gmake[3]: Nothing to be done for 'src/CMakeFiles/bitcoin-wallet.dir/build'.
gmake[3]: Leaving directory '/home/gg/elarvon/elarvon-core/build-win64'
[ 74%] Built target bitcoin-wallet
/bin/gmake  -f src/CMakeFiles/bitcoin.dir/build.make src/CMakeFiles/bitcoin.dir/depend
gmake[3]: Entering directory '/home/gg/elarvon/elarvon-core/build-win64'
cd /home/gg/elarvon/elarvon-core/build-win64 && /usr/bin/cmake -E cmake_depends "Unix Makefiles" /home/gg/elarvon/elarvon-core /home/gg/elarvon/elarvon-core/src /home/gg/elarvon/elarvon-core/build-win64 /home/gg/elarvon/elarvon-core/build-win64/src /home/gg/elarvon/elarvon-core/build-win64/src/CMakeFiles/bitcoin.dir/DependInfo.cmake "--color=" bitcoin
Dependencies file "src/CMakeFiles/bitcoin.dir/bitcoin.cpp.obj.d" is newer than depends file "/home/gg/elarvon/elarvon-core/build-win64/src/CMakeFiles/bitcoin.dir/compiler_depend.internal".
Consolidate compiler generated dependencies of target bitcoin
gmake[3]: Leaving directory '/home/gg/elarvon/elarvon-core/build-win64'
/bin/gmake  -f src/CMakeFiles/bitcoin.dir/build.make src/CMakeFiles/bitcoin.dir/build
gmake[3]: Entering directory '/home/gg/elarvon/elarvon-core/build-win64'
gmake[3]: Nothing to be done for 'src/CMakeFiles/bitcoin.dir/build'.
gmake[3]: Leaving directory '/home/gg/elarvon/elarvon-core/build-win64'
[ 74%] Built target bitcoin
/bin/gmake  -f src/CMakeFiles/bitcoind.dir/build.make src/CMakeFiles/bitcoind.dir/depend
gmake[3]: Entering directory '/home/gg/elarvon/elarvon-core/build-win64'
cd /home/gg/elarvon/elarvon-core/build-win64 && /usr/bin/cmake -E cmake_depends "Unix Makefiles" /home/gg/elarvon/elarvon-core /home/gg/elarvon/elarvon-core/src /home/gg/elarvon/elarvon-core/build-win64 /home/gg/elarvon/elarvon-core/build-win64/src /home/gg/elarvon/elarvon-core/build-win64/src/CMakeFiles/bitcoind.dir/DependInfo.cmake "--color=" bitcoind
Dependencies file "src/CMakeFiles/bitcoind.dir/bitcoind.cpp.obj.d" is newer than depends file "/home/gg/elarvon/elarvon-core/build-win64/src/CMakeFiles/bitcoind.dir/compiler_depend.internal".
Dependencies file "src/CMakeFiles/bitcoind.dir/init/bitcoind.cpp.obj.d" is newer than depends file "/home/gg/elarvon/elarvon-core/build-win64/src/CMakeFiles/bitcoind.dir/compiler_depend.internal".
Consolidate compiler generated dependencies of target bitcoind
gmake[3]: Leaving directory '/home/gg/elarvon/elarvon-core/build-win64'
/bin/gmake  -f src/CMakeFiles/bitcoind.dir/build.make src/CMakeFiles/bitcoind.dir/build
gmake[3]: Entering directory '/home/gg/elarvon/elarvon-core/build-win64'
gmake[3]: Nothing to be done for 'src/CMakeFiles/bitcoind.dir/build'.
gmake[3]: Leaving directory '/home/gg/elarvon/elarvon-core/build-win64'
[ 74%] Built target bitcoind
/bin/gmake  -f src/CMakeFiles/bitcoin-cli.dir/build.make src/CMakeFiles/bitcoin-cli.dir/depend
gmake[3]: Entering directory '/home/gg/elarvon/elarvon-core/build-win64'
cd /home/gg/elarvon/elarvon-core/build-win64 && /usr/bin/cmake -E cmake_depends "Unix Makefiles" /home/gg/elarvon/elarvon-core /home/gg/elarvon/elarvon-core/src /home/gg/elarvon/elarvon-core/build-win64 /home/gg/elarvon/elarvon-core/build-win64/src /home/gg/elarvon/elarvon-core/build-win64/src/CMakeFiles/bitcoin-cli.dir/DependInfo.cmake "--color=" bitcoin-cli
Dependencies file "src/CMakeFiles/bitcoin-cli.dir/bitcoin-cli.cpp.obj.d" is newer than depends file "/home/gg/elarvon/elarvon-core/build-win64/src/CMakeFiles/bitcoin-cli.dir/compiler_depend.internal".
Consolidate compiler generated dependencies of target bitcoin-cli
gmake[3]: Leaving directory '/home/gg/elarvon/elarvon-core/build-win64'
/bin/gmake  -f src/CMakeFiles/bitcoin-cli.dir/build.make src/CMakeFiles/bitcoin-cli.dir/build
gmake[3]: Entering directory '/home/gg/elarvon/elarvon-core/build-win64'
gmake[3]: Nothing to be done for 'src/CMakeFiles/bitcoin-cli.dir/build'.
gmake[3]: Leaving directory '/home/gg/elarvon/elarvon-core/build-win64'
[ 75%] Built target bitcoin-cli
/bin/gmake  -f src/CMakeFiles/bitcoin-tx.dir/build.make src/CMakeFiles/bitcoin-tx.dir/depend
gmake[3]: Entering directory '/home/gg/elarvon/elarvon-core/build-win64'
cd /home/gg/elarvon/elarvon-core/build-win64 && /usr/bin/cmake -E cmake_depends "Unix Makefiles" /home/gg/elarvon/elarvon-core /home/gg/elarvon/elarvon-core/src /home/gg/elarvon/elarvon-core/build-win64 /home/gg/elarvon/elarvon-core/build-win64/src /home/gg/elarvon/elarvon-core/build-win64/src/CMakeFiles/bitcoin-tx.dir/DependInfo.cmake "--color=" bitcoin-tx
Dependencies file "src/CMakeFiles/bitcoin-tx.dir/bitcoin-tx.cpp.obj.d" is newer than depends file "/home/gg/elarvon/elarvon-core/build-win64/src/CMakeFiles/bitcoin-tx.dir/compiler_depend.internal".
Consolidate compiler generated dependencies of target bitcoin-tx
gmake[3]: Leaving directory '/home/gg/elarvon/elarvon-core/build-win64'
/bin/gmake  -f src/CMakeFiles/bitcoin-tx.dir/build.make src/CMakeFiles/bitcoin-tx.dir/build
gmake[3]: Entering directory '/home/gg/elarvon/elarvon-core/build-win64'
gmake[3]: Nothing to be done for 'src/CMakeFiles/bitcoin-tx.dir/build'.
gmake[3]: Leaving directory '/home/gg/elarvon/elarvon-core/build-win64'
[ 76%] Built target bitcoin-tx
/bin/gmake  -f src/CMakeFiles/bitcoin-util.dir/build.make src/CMakeFiles/bitcoin-util.dir/depend
gmake[3]: Entering directory '/home/gg/elarvon/elarvon-core/build-win64'
cd /home/gg/elarvon/elarvon-core/build-win64 && /usr/bin/cmake -E cmake_depends "Unix Makefiles" /home/gg/elarvon/elarvon-core /home/gg/elarvon/elarvon-core/src /home/gg/elarvon/elarvon-core/build-win64 /home/gg/elarvon/elarvon-core/build-win64/src /home/gg/elarvon/elarvon-core/build-win64/src/CMakeFiles/bitcoin-util.dir/DependInfo.cmake "--color=" bitcoin-util
Dependencies file "src/CMakeFiles/bitcoin-util.dir/bitcoin-util.cpp.obj.d" is newer than depends file "/home/gg/elarvon/elarvon-core/build-win64/src/CMakeFiles/bitcoin-util.dir/compiler_depend.internal".
Consolidate compiler generated dependencies of target bitcoin-util
gmake[3]: Leaving directory '/home/gg/elarvon/elarvon-core/build-win64'
/bin/gmake  -f src/CMakeFiles/bitcoin-util.dir/build.make src/CMakeFiles/bitcoin-util.dir/build
gmake[3]: Entering directory '/home/gg/elarvon/elarvon-core/build-win64'
gmake[3]: Nothing to be done for 'src/CMakeFiles/bitcoin-util.dir/build'.
gmake[3]: Leaving directory '/home/gg/elarvon/elarvon-core/build-win64'
[ 76%] Built target bitcoin-util
/bin/gmake  -f src/qt/locale/CMakeFiles/bitcoinqt_lrelease.dir/build.make src/qt/locale/CMakeFiles/bitcoinqt_lrelease.dir/depend
gmake[3]: Entering directory '/home/gg/elarvon/elarvon-core/build-win64'
cd /home/gg/elarvon/elarvon-core/build-win64 && /usr/bin/cmake -E cmake_depends "Unix Makefiles" /home/gg/elarvon/elarvon-core /home/gg/elarvon/elarvon-core/src/qt/locale /home/gg/elarvon/elarvon-core/build-win64 /home/gg/elarvon/elarvon-core/build-win64/src/qt/locale /home/gg/elarvon/elarvon-core/build-win64/src/qt/locale/CMakeFiles/bitcoinqt_lrelease.dir/DependInfo.cmake "--color=" bitcoinqt_lrelease
gmake[3]: Leaving directory '/home/gg/elarvon/elarvon-core/build-win64'
/bin/gmake  -f src/qt/locale/CMakeFiles/bitcoinqt_lrelease.dir/build.make src/qt/locale/CMakeFiles/bitcoinqt_lrelease.dir/build
gmake[3]: Entering directory '/home/gg/elarvon/elarvon-core/build-win64'
gmake[3]: Nothing to be done for 'src/qt/locale/CMakeFiles/bitcoinqt_lrelease.dir/build'.
gmake[3]: Leaving directory '/home/gg/elarvon/elarvon-core/build-win64'
[ 89%] Built target bitcoinqt_lrelease
/bin/gmake  -f src/qt/CMakeFiles/bitcoinqt_autogen_timestamp_deps.dir/build.make src/qt/CMakeFiles/bitcoinqt_autogen_timestamp_deps.dir/depend
gmake[3]: Entering directory '/home/gg/elarvon/elarvon-core/build-win64'
cd /home/gg/elarvon/elarvon-core/build-win64 && /usr/bin/cmake -E cmake_depends "Unix Makefiles" /home/gg/elarvon/elarvon-core /home/gg/elarvon/elarvon-core/src/qt /home/gg/elarvon/elarvon-core/build-win64 /home/gg/elarvon/elarvon-core/build-win64/src/qt /home/gg/elarvon/elarvon-core/build-win64/src/qt/CMakeFiles/bitcoinqt_autogen_timestamp_deps.dir/DependInfo.cmake "--color=" bitcoinqt_autogen_timestamp_deps
gmake[3]: Leaving directory '/home/gg/elarvon/elarvon-core/build-win64'
/bin/gmake  -f src/qt/CMakeFiles/bitcoinqt_autogen_timestamp_deps.dir/build.make src/qt/CMakeFiles/bitcoinqt_autogen_timestamp_deps.dir/build
gmake[3]: Entering directory '/home/gg/elarvon/elarvon-core/build-win64'
gmake[3]: Nothing to be done for 'src/qt/CMakeFiles/bitcoinqt_autogen_timestamp_deps.dir/build'.
gmake[3]: Leaving directory '/home/gg/elarvon/elarvon-core/build-win64'
[ 89%] Built target bitcoinqt_autogen_timestamp_deps
/bin/gmake  -f src/qt/CMakeFiles/bitcoinqt_autogen.dir/build.make src/qt/CMakeFiles/bitcoinqt_autogen.dir/depend
gmake[3]: Entering directory '/home/gg/elarvon/elarvon-core/build-win64'
cd /home/gg/elarvon/elarvon-core/build-win64 && /usr/bin/cmake -E cmake_depends "Unix Makefiles" /home/gg/elarvon/elarvon-core /home/gg/elarvon/elarvon-core/src/qt /home/gg/elarvon/elarvon-core/build-win64 /home/gg/elarvon/elarvon-core/build-win64/src/qt /home/gg/elarvon/elarvon-core/build-win64/src/qt/CMakeFiles/bitcoinqt_autogen.dir/DependInfo.cmake "--color=" bitcoinqt_autogen
Dependencies file "src/qt/bitcoinqt_autogen/deps" is newer than depends file "/home/gg/elarvon/elarvon-core/build-win64/src/qt/CMakeFiles/bitcoinqt_autogen.dir/compiler_depend.internal".
Consolidate compiler generated dependencies of target bitcoinqt_autogen
gmake[3]: Leaving directory '/home/gg/elarvon/elarvon-core/build-win64'
/bin/gmake  -f src/qt/CMakeFiles/bitcoinqt_autogen.dir/build.make src/qt/CMakeFiles/bitcoinqt_autogen.dir/build
gmake[3]: Entering directory '/home/gg/elarvon/elarvon-core/build-win64'
gmake[3]: Nothing to be done for 'src/qt/CMakeFiles/bitcoinqt_autogen.dir/build'.
gmake[3]: Leaving directory '/home/gg/elarvon/elarvon-core/build-win64'
[ 89%] Built target bitcoinqt_autogen
/bin/gmake  -f src/qt/CMakeFiles/bitcoinqt.dir/build.make src/qt/CMakeFiles/bitcoinqt.dir/depend
gmake[3]: Entering directory '/home/gg/elarvon/elarvon-core/build-win64'
cd /home/gg/elarvon/elarvon-core/build-win64 && /usr/bin/cmake -E cmake_depends "Unix Makefiles" /home/gg/elarvon/elarvon-core /home/gg/elarvon/elarvon-core/src/qt /home/gg/elarvon/elarvon-core/build-win64 /home/gg/elarvon/elarvon-core/build-win64/src/qt /home/gg/elarvon/elarvon-core/build-win64/src/qt/CMakeFiles/bitcoinqt.dir/DependInfo.cmake "--color=" bitcoinqt
Dependencies file "src/qt/CMakeFiles/bitcoinqt.dir/addressbookpage.cpp.obj.d" is newer than depends file "/home/gg/elarvon/elarvon-core/build-win64/src/qt/CMakeFiles/bitcoinqt.dir/compiler_depend.internal".
Dependencies file "src/qt/CMakeFiles/bitcoinqt.dir/addresstablemodel.cpp.obj.d" is newer than depends file "/home/gg/elarvon/elarvon-core/build-win64/src/qt/CMakeFiles/bitcoinqt.dir/compiler_depend.internal".
Dependencies file "src/qt/CMakeFiles/bitcoinqt.dir/askpassphrasedialog.cpp.obj.d" is newer than depends file "/home/gg/elarvon/elarvon-core/build-win64/src/qt/CMakeFiles/bitcoinqt.dir/compiler_depend.internal".
Dependencies file "src/qt/CMakeFiles/bitcoinqt.dir/bantablemodel.cpp.obj.d" is newer than depends file "/home/gg/elarvon/elarvon-core/build-win64/src/qt/CMakeFiles/bitcoinqt.dir/compiler_depend.internal".
Dependencies file "src/qt/CMakeFiles/bitcoinqt.dir/bitcoin.cpp.obj.d" is newer than depends file "/home/gg/elarvon/elarvon-core/build-win64/src/qt/CMakeFiles/bitcoinqt.dir/compiler_depend.internal".
Dependencies file "src/qt/CMakeFiles/bitcoinqt.dir/bitcoinaddressvalidator.cpp.obj.d" is newer than depends file "/home/gg/elarvon/elarvon-core/build-win64/src/qt/CMakeFiles/bitcoinqt.dir/compiler_depend.internal".
Dependencies file "src/qt/CMakeFiles/bitcoinqt.dir/bitcoinamountfield.cpp.obj.d" is newer than depends file "/home/gg/elarvon/elarvon-core/build-win64/src/qt/CMakeFiles/bitcoinqt.dir/compiler_depend.internal".
Dependencies file "src/qt/CMakeFiles/bitcoinqt.dir/bitcoingui.cpp.obj.d" is newer than depends file "/home/gg/elarvon/elarvon-core/build-win64/src/qt/CMakeFiles/bitcoinqt.dir/compiler_depend.internal".
Dependencies file "src/qt/CMakeFiles/bitcoinqt.dir/bitcoinqt_autogen/mocs_compilation.cpp.obj.d" is newer than depends file "/home/gg/elarvon/elarvon-core/build-win64/src/qt/CMakeFiles/bitcoinqt.dir/compiler_depend.internal".
Dependencies file "src/qt/CMakeFiles/bitcoinqt.dir/bitcoinunits.cpp.obj.d" is newer than depends file "/home/gg/elarvon/elarvon-core/build-win64/src/qt/CMakeFiles/bitcoinqt.dir/compiler_depend.internal".
Dependencies file "src/qt/CMakeFiles/bitcoinqt.dir/clientmodel.cpp.obj.d" is newer than depends file "/home/gg/elarvon/elarvon-core/build-win64/src/qt/CMakeFiles/bitcoinqt.dir/compiler_depend.internal".
Dependencies file "src/qt/CMakeFiles/bitcoinqt.dir/coincontroldialog.cpp.obj.d" is newer than depends file "/home/gg/elarvon/elarvon-core/build-win64/src/qt/CMakeFiles/bitcoinqt.dir/compiler_depend.internal".
Dependencies file "src/qt/CMakeFiles/bitcoinqt.dir/coincontroltreewidget.cpp.obj.d" is newer than depends file "/home/gg/elarvon/elarvon-core/build-win64/src/qt/CMakeFiles/bitcoinqt.dir/compiler_depend.internal".
Dependencies file "src/qt/CMakeFiles/bitcoinqt.dir/createwalletdialog.cpp.obj.d" is newer than depends file "/home/gg/elarvon/elarvon-core/build-win64/src/qt/CMakeFiles/bitcoinqt.dir/compiler_depend.internal".
Dependencies file "src/qt/CMakeFiles/bitcoinqt.dir/csvmodelwriter.cpp.obj.d" is newer than depends file "/home/gg/elarvon/elarvon-core/build-win64/src/qt/CMakeFiles/bitcoinqt.dir/compiler_depend.internal".
Dependencies file "src/qt/CMakeFiles/bitcoinqt.dir/editaddressdialog.cpp.obj.d" is newer than depends file "/home/gg/elarvon/elarvon-core/build-win64/src/qt/CMakeFiles/bitcoinqt.dir/compiler_depend.internal".
Dependencies file "src/qt/CMakeFiles/bitcoinqt.dir/freespacechecker.cpp.obj.d" is newer than depends file "/home/gg/elarvon/elarvon-core/build-win64/src/qt/CMakeFiles/bitcoinqt.dir/compiler_depend.internal".
Dependencies file "src/qt/CMakeFiles/bitcoinqt.dir/guiutil.cpp.obj.d" is newer than depends file "/home/gg/elarvon/elarvon-core/build-win64/src/qt/CMakeFiles/bitcoinqt.dir/compiler_depend.internal".
Dependencies file "src/qt/CMakeFiles/bitcoinqt.dir/initexecutor.cpp.obj.d" is newer than depends file "/home/gg/elarvon/elarvon-core/build-win64/src/qt/CMakeFiles/bitcoinqt.dir/compiler_depend.internal".
Dependencies file "src/qt/CMakeFiles/bitcoinqt.dir/intro.cpp.obj.d" is newer than depends file "/home/gg/elarvon/elarvon-core/build-win64/src/qt/CMakeFiles/bitcoinqt.dir/compiler_depend.internal".
Dependencies file "src/qt/CMakeFiles/bitcoinqt.dir/modaloverlay.cpp.obj.d" is newer than depends file "/home/gg/elarvon/elarvon-core/build-win64/src/qt/CMakeFiles/bitcoinqt.dir/compiler_depend.internal".
Dependencies file "src/qt/CMakeFiles/bitcoinqt.dir/networkstyle.cpp.obj.d" is newer than depends file "/home/gg/elarvon/elarvon-core/build-win64/src/qt/CMakeFiles/bitcoinqt.dir/compiler_depend.internal".
Dependencies file "src/qt/CMakeFiles/bitcoinqt.dir/notificator.cpp.obj.d" is newer than depends file "/home/gg/elarvon/elarvon-core/build-win64/src/qt/CMakeFiles/bitcoinqt.dir/compiler_depend.internal".
Dependencies file "src/qt/CMakeFiles/bitcoinqt.dir/openuridialog.cpp.obj.d" is newer than depends file "/home/gg/elarvon/elarvon-core/build-win64/src/qt/CMakeFiles/bitcoinqt.dir/compiler_depend.internal".
Dependencies file "src/qt/CMakeFiles/bitcoinqt.dir/optionsdialog.cpp.obj.d" is newer than depends file "/home/gg/elarvon/elarvon-core/build-win64/src/qt/CMakeFiles/bitcoinqt.dir/compiler_depend.internal".
Dependencies file "src/qt/CMakeFiles/bitcoinqt.dir/optionsmodel.cpp.obj.d" is newer than depends file "/home/gg/elarvon/elarvon-core/build-win64/src/qt/CMakeFiles/bitcoinqt.dir/compiler_depend.internal".
Dependencies file "src/qt/CMakeFiles/bitcoinqt.dir/overviewpage.cpp.obj.d" is newer than depends file "/home/gg/elarvon/elarvon-core/build-win64/src/qt/CMakeFiles/bitcoinqt.dir/compiler_depend.internal".
Dependencies file "src/qt/CMakeFiles/bitcoinqt.dir/paymentserver.cpp.obj.d" is newer than depends file "/home/gg/elarvon/elarvon-core/build-win64/src/qt/CMakeFiles/bitcoinqt.dir/compiler_depend.internal".
Dependencies file "src/qt/CMakeFiles/bitcoinqt.dir/peertablemodel.cpp.obj.d" is newer than depends file "/home/gg/elarvon/elarvon-core/build-win64/src/qt/CMakeFiles/bitcoinqt.dir/compiler_depend.internal".
Dependencies file "src/qt/CMakeFiles/bitcoinqt.dir/peertablesortproxy.cpp.obj.d" is newer than depends file "/home/gg/elarvon/elarvon-core/build-win64/src/qt/CMakeFiles/bitcoinqt.dir/compiler_depend.internal".
Dependencies file "src/qt/CMakeFiles/bitcoinqt.dir/platformstyle.cpp.obj.d" is newer than depends file "/home/gg/elarvon/elarvon-core/build-win64/src/qt/CMakeFiles/bitcoinqt.dir/compiler_depend.internal".
Dependencies file "src/qt/CMakeFiles/bitcoinqt.dir/psbtoperationsdialog.cpp.obj.d" is newer than depends file "/home/gg/elarvon/elarvon-core/build-win64/src/qt/CMakeFiles/bitcoinqt.dir/compiler_depend.internal".
Dependencies file "src/qt/CMakeFiles/bitcoinqt.dir/qrc_bitcoin.cpp.obj.d" is newer than depends file "/home/gg/elarvon/elarvon-core/build-win64/src/qt/CMakeFiles/bitcoinqt.dir/compiler_depend.internal".
Dependencies file "src/qt/CMakeFiles/bitcoinqt.dir/qrc_bitcoin_locale.cpp.obj.d" is newer than depends file "/home/gg/elarvon/elarvon-core/build-win64/src/qt/CMakeFiles/bitcoinqt.dir/compiler_depend.internal".
Dependencies file "src/qt/CMakeFiles/bitcoinqt.dir/qrimagewidget.cpp.obj.d" is newer than depends file "/home/gg/elarvon/elarvon-core/build-win64/src/qt/CMakeFiles/bitcoinqt.dir/compiler_depend.internal".
Dependencies file "src/qt/CMakeFiles/bitcoinqt.dir/qvalidatedlineedit.cpp.obj.d" is newer than depends file "/home/gg/elarvon/elarvon-core/build-win64/src/qt/CMakeFiles/bitcoinqt.dir/compiler_depend.internal".
Dependencies file "src/qt/CMakeFiles/bitcoinqt.dir/qvaluecombobox.cpp.obj.d" is newer than depends file "/home/gg/elarvon/elarvon-core/build-win64/src/qt/CMakeFiles/bitcoinqt.dir/compiler_depend.internal".
Dependencies file "src/qt/CMakeFiles/bitcoinqt.dir/receivecoinsdialog.cpp.obj.d" is newer than depends file "/home/gg/elarvon/elarvon-core/build-win64/src/qt/CMakeFiles/bitcoinqt.dir/compiler_depend.internal".
Dependencies file "src/qt/CMakeFiles/bitcoinqt.dir/receiverequestdialog.cpp.obj.d" is newer than depends file "/home/gg/elarvon/elarvon-core/build-win64/src/qt/CMakeFiles/bitcoinqt.dir/compiler_depend.internal".
Dependencies file "src/qt/CMakeFiles/bitcoinqt.dir/recentrequeststablemodel.cpp.obj.d" is newer than depends file "/home/gg/elarvon/elarvon-core/build-win64/src/qt/CMakeFiles/bitcoinqt.dir/compiler_depend.internal".
Dependencies file "src/qt/CMakeFiles/bitcoinqt.dir/rpcconsole.cpp.obj.d" is newer than depends file "/home/gg/elarvon/elarvon-core/build-win64/src/qt/CMakeFiles/bitcoinqt.dir/compiler_depend.internal".
Dependencies file "src/qt/CMakeFiles/bitcoinqt.dir/sendcoinsdialog.cpp.obj.d" is newer than depends file "/home/gg/elarvon/elarvon-core/build-win64/src/qt/CMakeFiles/bitcoinqt.dir/compiler_depend.internal".
Dependencies file "src/qt/CMakeFiles/bitcoinqt.dir/sendcoinsentry.cpp.obj.d" is newer than depends file "/home/gg/elarvon/elarvon-core/build-win64/src/qt/CMakeFiles/bitcoinqt.dir/compiler_depend.internal".
Dependencies file "src/qt/CMakeFiles/bitcoinqt.dir/signverifymessagedialog.cpp.obj.d" is newer than depends file "/home/gg/elarvon/elarvon-core/build-win64/src/qt/CMakeFiles/bitcoinqt.dir/compiler_depend.internal".
Dependencies file "src/qt/CMakeFiles/bitcoinqt.dir/splashscreen.cpp.obj.d" is newer than depends file "/home/gg/elarvon/elarvon-core/build-win64/src/qt/CMakeFiles/bitcoinqt.dir/compiler_depend.internal".
Dependencies file "src/qt/CMakeFiles/bitcoinqt.dir/trafficgraphwidget.cpp.obj.d" is newer than depends file "/home/gg/elarvon/elarvon-core/build-win64/src/qt/CMakeFiles/bitcoinqt.dir/compiler_depend.internal".
Dependencies file "src/qt/CMakeFiles/bitcoinqt.dir/utilitydialog.cpp.obj.d" is newer than depends file "/home/gg/elarvon/elarvon-core/build-win64/src/qt/CMakeFiles/bitcoinqt.dir/compiler_depend.internal".
Dependencies file "src/qt/CMakeFiles/bitcoinqt.dir/winshutdownmonitor.cpp.obj.d" is newer than depends file "/home/gg/elarvon/elarvon-core/build-win64/src/qt/CMakeFiles/bitcoinqt.dir/compiler_depend.internal".
Consolidate compiler generated dependencies of target bitcoinqt
gmake[3]: Leaving directory '/home/gg/elarvon/elarvon-core/build-win64'
/bin/gmake  -f src/qt/CMakeFiles/bitcoinqt.dir/build.make src/qt/CMakeFiles/bitcoinqt.dir/build
gmake[3]: Entering directory '/home/gg/elarvon/elarvon-core/build-win64'
[ 89%] Building CXX object src/qt/CMakeFiles/bitcoinqt.dir/overviewpage.cpp.obj
cd /home/gg/elarvon/elarvon-core/build-win64/src/qt && /bin/ccache /bin/x86_64-w64-mingw32-g++-posix -DBOOST_MULTI_INDEX_DISABLE_SERIALIZATION -DMINGW_HAS_SECURE_API=1 -DNOMINMAX -DQT_CORE_LIB -DQT_GUI_LIB -DQT_NETWORK_LIB -DQT_NO_DEBUG -DQT_NO_KEYWORDS -DQT_USE_QSTRINGBUILDER -DQT_WIDGETS_LIB -DUNICODE -DWIN32 -DWIN32_LEAN_AND_MEAN -DWIN64 -D_ENABLE_EXTENDED_ALIGNED_STORAGE -D_MT -D_UNICODE -D_WIN32_IE=0x0A00 -D_WIN32_WINNT=0x0A00 -D_WIN64 -D_WINDOWS @CMakeFiles/bitcoinqt.dir/includes_CXX.rsp -O2 -std=c++20 -ffunction-sections -fdata-sections -Wa,-muse-unaligned-vector-move -fno-extended-identifiers -fmacro-prefix-map=/home/gg/elarvon/elarvon-core/src=. -fstack-reuse=none -U_FORTIFY_SOURCE -D_FORTIFY_SOURCE=3 -Wstack-protector -fstack-protector-all -fcf-protection=full -Wall -Wextra -Wformat -Wformat-security -Wvla -Wredundant-decls -Wdate-time -Wduplicated-branches -Wduplicated-cond -Wlogical-op -Woverloaded-virtual -Wsuggest-override -Wimplicit-fallthrough -Wunreachable-code -Wbidi-chars=any -Wundef -Wno-unused-parameter -MD -MT src/qt/CMakeFiles/bitcoinqt.dir/overviewpage.cpp.obj -MF CMakeFiles/bitcoinqt.dir/overviewpage.cpp.obj.d -o CMakeFiles/bitcoinqt.dir/overviewpage.cpp.obj -c /home/gg/elarvon/elarvon-core/src/qt/overviewpage.cpp 
/home/gg/elarvon/elarvon-core/src/qt/overviewpage.cpp: In member function ‘void OverviewPage::requestPrice()’:
/home/gg/elarvon/elarvon-core/src/qt/overviewpage.cpp:295:13: error: ‘class QNetworkRequest’ has no member named ‘setTransferTimeout’; did you mean ‘DefaultTransferTimeout’?
  295 |     request.setTransferTimeout(5000);
      |             ^~~~~~~~~~~~~~~~~~
      |             DefaultTransferTimeout
gmake[3]: *** [src/qt/CMakeFiles/bitcoinqt.dir/build.make:843: src/qt/CMakeFiles/bitcoinqt.dir/overviewpage.cpp.obj] Error 1
gmake[3]: Leaving directory '/home/gg/elarvon/elarvon-core/build-win64'
gmake[2]: *** [CMakeFiles/Makefile2:1507: src/qt/CMakeFiles/bitcoinqt.dir/all] Error 2
gmake[2]: Leaving directory '/home/gg/elarvon/elarvon-core/build-win64'
gmake[1]: *** [CMakeFiles/Makefile2:507: CMakeFiles/deploy.dir/rule] Error 2
gmake[1]: Leaving directory '/home/gg/elarvon/elarvon-core/build-win64'
gmake: *** [Makefile:186: deploy] Error 2

